,gender,new_location,mixed_attitude,economic_inflation,cost_of_living,income,redundancy,new_car,policy_war,good_mood,bad_mood,treatment/control
0,0,other towns and places,Extremely Positive,0,0,0,0,1,1,0,0,0
1,1,other towns and places,Neutral,0,0,0,1,1,1,0,0,0
2,1,northwest,Extremely Negative,0,1,1,1,1,1,0,0,0
3,1,other towns and places,Neutral,1,1,1,1,1,1,0,0,0
4,1,scotland,Extremely Positive,1,1,1,1,1,1,0,0,0
5,1,northwest,Neutral,1,1,1,1,1,1,1,0,0
6,0,southeast,Slightly Positive,1,1,1,1,1,1,1,0,0
7,1,other towns and places,Neutral,1,1,1,1,1,1,1,0,0
8,1,other towns and places,Neutral,1,1,1,1,1,1,1,0,0
9,1,yorkshire,Neutral,1,1,1,1,1,1,1,0,0
10,1,london,Extremely Positive,1,1,1,1,1,1,1,0,0
11,1,west midland,Extremely Positive,1,1,1,1,1,1,1,0,0
12,1,other towns and places,Slightly Positive,1,1,1,1,1,1,1,0,0
13,0,london,Neutral,1,1,1,1,1,1,1,0,0
14,1,other towns and places,Neutral,1,1,1,1,1,1,1,0,0
15,1,other towns and places,Slightly Positive,1,1,1,1,1,1,1,0,0
16,1,other towns and places,Neutral,1,1,1,1,1,1,1,0,0
17,1,other towns and places,Neutral,1,1,1,1,1,1,1,0,0
18,1,london,Neutral,1,1,1,1,1,1,1,0,0
19,1,other towns and places,Slightly Negative,1,1,1,1,1,1,1,0,0
20,1,yorkshire,Slightly Negative,1,1,1,1,1,1,1,0,0
21,1,east midland,Slightly Negative,1,1,1,1,1,1,1,0,0
22,1,southeast,Slightly Positive,1,1,1,1,1,1,1,0,0
23,1,other towns and places,Neutral,1,1,1,1,1,1,1,0,0
24,1,other towns and places,Slightly Negative,1,1,1,1,1,1,1,0,0
25,0,other towns and places,Neutral,1,1,1,1,1,1,1,0,0
26,1,other towns and places,Slightly Positive,1,1,1,1,1,1,1,0,0
27,1,yorkshire,Slightly Negative,1,1,1,1,1,1,1,1,0
28,1,wales,Neutral,1,1,1,1,1,1,1,1,0
29,1,other towns and places,Slightly Positive,1,1,1,1,1,1,1,1,0
30,1,southeast,Slightly Positive,1,1,1,1,1,1,1,1,0
31,1,other towns and places,Neutral,1,1,1,1,1,1,1,1,0
32,1,other towns and places,Slightly Negative,1,1,1,1,1,1,1,1,0
33,1,other towns and places,Slightly Negative,1,1,1,1,1,1,1,1,0
34,1,yorkshire,Slightly Negative,1,1,1,1,1,1,1,1,0
35,1,scotland,Neutral,1,1,1,1,1,1,1,1,0
36,1,northwest,Slightly Negative,1,1,1,1,1,1,1,1,0
37,1,yorkshire,Neutral,1,1,1,1,1,1,1,1,0
38,1,other towns and places,Slightly Positive,1,1,1,1,1,1,1,1,0
39,0,northern ireland,Slightly Negative,1,1,1,1,1,1,1,1,0
40,1,scotland,Neutral,1,1,1,1,1,1,1,1,0
41,1,other towns and places,Slightly Negative,1,1,1,1,1,1,1,1,0
42,1,other towns and places,Slightly Negative,1,1,1,1,1,1,1,1,0
43,0,other towns and places,Slightly Positive,1,1,1,1,1,1,1,1,0
44,0,london,Slightly Negative,1,1,1,1,1,1,1,1,0
45,0,other towns and places,Neutral,1,1,1,1,1,1,1,1,0
46,1,other towns and places,Neutral,1,1,1,1,1,1,1,1,0
47,1,other towns and places,Extremely Positive,1,1,1,1,1,1,1,1,0
48,1,other towns and places,Slightly Positive,1,1,1,1,1,1,1,1,0
49,1,other towns and places,Neutral,1,1,1,1,1,1,1,1,0
50,1,southeast,Neutral,1,1,1,1,1,1,1,1,0
51,1,cambridge,Slightly Positive,1,1,1,1,1,1,1,1,0
52,1,other towns and places,Slightly Negative,1,1,1,1,1,1,1,1,0
53,1,london,Neutral,1,1,1,1,1,1,1,1,0
54,1,london,Extremely Positive,1,1,1,1,1,1,1,1,0
55,0,southeast,Slightly Negative,1,1,1,1,1,1,1,1,0
56,1,yorkshire,Neutral,1,1,1,1,1,1,1,1,0
57,1,west midland,Neutral,1,1,1,1,1,1,1,1,0
58,1,scotland,Extremely Positive,1,1,1,1,1,1,1,1,0
59,0,other towns and places,Slightly Negative,1,1,1,1,1,1,1,1,0
60,0,scotland,Slightly Negative,1,1,1,1,1,1,1,1,0
61,1,other towns and places,Slightly Negative,1,1,1,1,1,1,1,1,0
62,1,west midland,Neutral,1,1,1,1,1,1,1,1,0
63,1,southwest,Neutral,1,1,1,1,1,1,1,1,0
64,0,west midland,Slightly Positive,1,1,1,1,1,1,1,1,0
65,0,other towns and places,Neutral,1,1,1,1,1,1,1,1,0
66,1,other towns and places,Slightly Negative,1,1,1,1,1,1,1,1,0
67,1,scotland,Neutral,1,1,1,1,1,1,1,1,0
68,1,other towns and places,Slightly Positive,1,1,1,1,1,1,1,1,0
69,1,london,Slightly Negative,1,1,1,1,1,1,1,1,0
70,1,london,Neutral,1,1,1,1,1,1,1,1,0
71,1,scotland,Neutral,1,1,1,1,1,1,1,1,0
72,1,wales,Neutral,1,1,1,1,1,1,1,1,0
73,1,east midland,Neutral,1,1,1,1,1,1,1,1,0
74,1,other towns and places,Slightly Positive,1,1,1,1,1,1,1,1,0
75,0,other towns and places,Extremely Positive,1,1,1,1,1,1,1,1,0
76,1,leeds,Neutral,1,1,1,1,1,1,1,1,0
77,0,other towns and places,Neutral,1,1,1,1,1,1,1,1,0
78,1,other towns and places,Neutral,1,1,1,1,1,1,1,1,0
79,1,other towns and places,Neutral,1,1,1,1,1,1,1,1,0
80,1,southeast,Neutral,1,1,1,1,1,1,1,1,0
81,0,east midland,Neutral,1,1,1,1,1,1,1,1,0
82,1,other towns and places,Slightly Negative,1,1,1,1,1,1,1,1,0
83,1,other towns and places,Slightly Positive,1,1,1,1,1,1,1,1,0
84,1,yorkshire,Neutral,1,1,1,1,1,1,1,1,0
85,1,other towns and places,Slightly Negative,1,1,1,1,1,1,1,1,0
86,1,other towns and places,Slightly Negative,1,1,1,1,1,1,1,1,0
87,1,southeast,Neutral,1,1,1,1,1,1,1,1,0
88,1,yorkshire,Neutral,1,1,1,1,1,1,1,1,0
89,1,other towns and places,Slightly Negative,1,1,1,1,1,1,1,1,0
90,1,other towns and places,Slightly Positive,1,1,1,1,1,1,1,1,0
91,0,other towns and places,Slightly Positive,1,1,1,1,1,1,1,1,0
92,1,northwest,Slightly Positive,1,1,1,1,1,1,1,1,0
93,1,other towns and places,Neutral,1,1,1,1,1,1,1,1,0
94,0,other towns and places,Slightly Positive,1,1,1,1,1,1,1,1,0
95,1,other towns and places,Slightly Negative,1,1,1,1,1,1,1,1,0
96,1,northwest,Slightly Positive,1,1,1,1,1,1,1,1,0
97,1,other towns and places,Neutral,1,1,1,1,1,1,1,1,0
98,1,northwest,Slightly Negative,1,1,1,1,1,1,1,1,0
99,1,sunderland,Slightly Positive,1,1,1,1,1,1,1,1,0
100,0,other towns and places,Neutral,1,1,1,1,1,1,1,1,0
101,1,other towns and places,Slightly Positive,1,1,1,1,1,1,1,1,0
102,0,other towns and places,Extremely Positive,1,1,1,1,1,1,1,1,0
103,1,northwest,Neutral,1,1,1,1,1,1,1,1,0
104,1,other towns and places,Neutral,1,1,1,1,1,1,1,1,0
105,1,london,Neutral,1,1,1,1,1,1,1,1,0
106,1,east midland,Neutral,1,1,1,1,1,1,1,1,0
107,1,other towns and places,Slightly Positive,1,1,1,1,1,1,1,1,0
108,1,other towns and places,Slightly Positive,1,1,1,1,1,1,1,1,0
109,0,other towns and places,Neutral,1,1,1,1,1,1,1,1,0
110,1,london,Neutral,1,1,1,1,1,1,1,1,0
111,1,other towns and places,Slightly Negative,1,1,1,1,1,1,1,1,0
112,1,london,Neutral,1,1,1,1,1,1,1,1,0
113,1,london,Slightly Negative,1,1,1,1,1,1,1,1,0
114,1,other towns and places,Slightly Positive,1,1,1,1,1,1,1,1,0
115,1,other towns and places,Slightly Negative,1,1,1,1,1,1,1,1,0
116,1,other towns and places,Neutral,1,1,1,1,1,1,1,1,0
117,1,other towns and places,Slightly Negative,1,1,1,1,1,1,1,1,0
118,1,southwest,Extremely Negative,1,1,1,1,1,1,1,1,0
119,0,other towns and places,Neutral,1,1,1,1,1,1,1,1,0
120,1,wales,Slightly Negative,1,1,1,1,1,1,1,1,0
121,1,london,Slightly Negative,1,1,1,1,1,1,1,1,0
122,1,london,Neutral,1,1,1,1,1,1,1,1,0
123,1,other towns and places,Neutral,1,1,1,1,1,1,1,1,0
124,1,east midland,Slightly Negative,1,1,1,1,1,1,1,1,0
125,1,southwest,Neutral,1,1,1,1,1,1,1,1,0
126,1,other towns and places,Neutral,1,1,1,1,1,1,1,1,0
127,1,east midland,Extremely Negative,1,1,1,1,1,1,1,1,0
128,0,other towns and places,Slightly Negative,1,1,1,1,1,1,1,1,0
129,1,other towns and places,Neutral,1,1,1,1,1,1,1,1,0
130,1,other towns and places,Extremely Negative,1,1,1,1,1,1,1,1,0
131,1,sheffield,Slightly Negative,1,1,1,1,1,1,1,1,0
132,1,other towns and places,Neutral,1,1,1,1,1,1,1,1,0
133,1,northwest,Neutral,1,1,1,1,1,1,1,1,0
134,1,other towns and places,Neutral,1,1,1,1,1,1,1,1,0
135,0,london,Neutral,1,1,1,1,1,1,1,1,0
136,1,other towns and places,Slightly Positive,1,1,1,1,1,1,1,1,0
137,0,other towns and places,Slightly Negative,1,1,1,1,1,1,1,1,0
138,0,peterborough,Slightly Negative,1,1,1,1,1,1,1,1,0
139,1,yorkshire,Slightly Positive,1,1,1,1,1,1,1,1,0
140,0,yorkshire,Slightly Negative,1,1,1,1,1,1,1,1,0
141,1,other towns and places,Extremely Positive,1,1,1,1,1,1,1,1,0
142,1,other towns and places,Slightly Positive,1,1,1,1,1,1,1,1,0
143,1,other towns and places,Slightly Negative,1,1,1,1,1,1,1,1,0
144,1,other towns and places,Slightly Positive,1,1,1,1,1,1,1,1,0
145,1,other towns and places,Neutral,1,1,1,1,1,1,1,1,0
146,1,other towns and places,Neutral,1,1,1,1,1,1,1,1,0
147,1,other towns and places,Neutral,1,1,1,1,1,1,1,1,0
148,1,yorkshire,Neutral,1,1,1,1,1,1,1,1,0
149,1,other towns and places,Neutral,1,1,1,1,1,1,1,1,0
150,1,other towns and places,Neutral,1,1,1,1,1,1,1,1,0
151,0,northwest,Neutral,1,1,1,1,1,1,1,1,0
152,1,other towns and places,Slightly Negative,1,1,1,1,1,1,1,1,0
153,1,west midland,Slightly Negative,1,1,1,1,1,1,1,1,0
154,0,east midland,Neutral,1,1,1,1,1,1,1,1,0
155,0,yorkshire,Neutral,1,1,1,1,1,1,1,1,0
156,0,southwest,Neutral,1,1,1,1,1,1,1,1,0
157,1,other towns and places,Slightly Positive,1,1,1,1,1,1,1,1,0
158,0,other towns and places,Slightly Positive,1,1,1,1,1,1,1,1,0
159,1,east midland,Slightly Positive,1,1,1,1,1,1,1,1,0
160,1,other towns and places,Slightly Positive,1,1,1,1,1,1,1,1,0
161,0,other towns and places,Slightly Positive,1,1,1,1,1,1,1,1,0
162,1,northeast,Extremely Positive,1,1,1,1,1,1,1,1,0
163,1,london,Neutral,1,1,1,1,1,1,1,1,0
164,0,other towns and places,Neutral,1,1,1,1,1,1,1,1,0
165,0,northwest,Neutral,1,1,1,1,1,1,1,1,0
166,1,other towns and places,Neutral,1,1,1,1,1,1,1,1,0
167,0,southeast,Slightly Negative,1,1,1,1,1,1,1,1,0
168,1,other towns and places,Slightly Negative,1,1,1,1,1,1,1,1,0
169,1,london,Neutral,1,1,1,1,1,1,1,1,0
170,0,yorkshire,Neutral,1,1,1,1,1,1,1,1,0
171,1,yorkshire,Neutral,1,1,1,1,1,1,1,1,0
172,1,other towns and places,Neutral,1,1,1,1,1,1,1,1,0
173,0,other towns and places,Slightly Positive,1,1,1,1,1,1,1,1,0
174,1,other towns and places,Neutral,1,1,1,1,1,1,1,1,0
175,1,scotland,Slightly Negative,1,1,1,1,1,1,1,1,0
176,0,other towns and places,Neutral,1,1,1,1,1,1,1,1,0
177,1,east midland,Slightly Negative,1,1,1,1,1,1,1,1,0
178,0,other towns and places,Slightly Positive,1,1,1,1,1,1,1,1,0
179,0,wales,Neutral,1,1,1,1,1,1,1,1,0
180,1,southwest,Slightly Negative,1,1,1,1,1,1,1,1,0
181,1,yorkshire,Neutral,1,1,1,1,1,1,1,1,0
182,1,other towns and places,Neutral,1,1,1,1,1,1,1,1,0
183,1,other towns and places,Slightly Positive,1,1,1,1,1,1,1,1,0
184,1,other towns and places,Slightly Positive,1,1,1,1,1,1,1,1,0
185,1,west midland,Slightly Positive,1,1,1,1,1,1,1,1,0
186,1,west midland,Neutral,1,1,1,1,1,1,1,1,0
187,1,wales,Slightly Negative,1,1,1,1,1,1,1,1,0
188,1,northwest,Slightly Positive,1,1,1,1,1,1,1,1,0
189,0,northwest,Slightly Negative,1,1,1,1,1,1,1,1,0
190,1,northern ireland,Slightly Positive,1,1,1,1,1,1,1,1,0
191,1,other towns and places,Slightly Positive,1,1,1,1,1,1,1,1,0
192,1,other towns and places,Slightly Negative,1,1,1,1,1,1,1,1,0
193,1,other towns and places,Neutral,1,1,1,1,1,1,1,1,0
194,0,east midland,Neutral,1,1,1,1,1,1,1,1,0
195,1,other towns and places,Extremely Positive,1,1,1,1,1,1,1,1,0
196,1,other towns and places,Neutral,1,1,1,1,1,1,1,1,0
197,1,other towns and places,Slightly Negative,1,1,1,1,1,1,1,1,0
198,1,northeast,Slightly Positive,1,1,1,1,1,1,1,1,0
199,1,other towns and places,Neutral,1,1,1,1,1,1,1,1,0
200,1,other towns and places,Neutral,1,1,1,1,1,1,1,1,0
201,1,other towns and places,Neutral,1,1,1,1,1,1,1,1,0
202,1,other towns and places,Slightly Negative,1,1,1,1,1,1,1,1,0
203,1,other towns and places,Neutral,1,1,1,1,1,1,1,1,0
204,1,scotland,Slightly Positive,1,1,1,1,1,1,1,1,0
205,1,northeast,Neutral,1,1,1,1,1,1,1,1,0
206,1,east midland,Neutral,1,1,1,1,1,1,1,1,0
207,0,southeast,Neutral,1,1,1,1,1,1,1,1,0
208,1,other towns and places,Neutral,1,1,1,1,1,1,1,1,0
209,1,southeast,Slightly Positive,1,1,1,1,1,1,1,1,0
210,1,other towns and places,Slightly Negative,1,1,1,1,1,1,1,1,0
211,1,milton keynes,Slightly Positive,1,1,1,1,1,1,1,1,0
212,1,other towns and places,Slightly Negative,1,1,1,1,1,1,1,1,0
213,1,wales,Slightly Negative,1,1,1,1,1,1,1,1,0
214,1,london,Neutral,1,1,1,1,1,1,1,1,0
215,1,other towns and places,Slightly Negative,1,1,1,1,1,1,1,1,0
216,0,southeast,Slightly Negative,1,1,1,1,1,1,1,1,0
217,1,scotland,Slightly Positive,1,1,1,1,1,1,1,1,0
218,0,other towns and places,Slightly Positive,1,1,1,1,1,1,1,1,0
219,1,other towns and places,Slightly Positive,1,1,1,1,1,1,1,1,0
220,0,other towns and places,Slightly Positive,1,1,1,1,1,1,1,1,0
221,1,other towns and places,Neutral,1,1,1,1,1,1,1,1,0
222,0,yorkshire,Slightly Negative,1,1,1,1,1,1,1,1,0
223,1,other towns and places,Neutral,1,1,1,1,1,1,1,1,0
224,1,bournemouth,Neutral,1,1,1,1,1,1,1,1,0
225,1,wales,Slightly Positive,1,1,1,1,1,1,1,1,0
226,1,northeast,Neutral,1,1,1,1,1,1,1,1,0
227,1,london,Slightly Negative,1,1,1,1,1,1,1,1,0
228,1,east midland,Neutral,1,1,1,1,1,1,1,1,0
229,1,other towns and places,Slightly Negative,1,1,1,1,1,1,1,1,0
230,0,other towns and places,Neutral,1,1,1,1,1,1,1,1,0
231,1,southwest,Slightly Positive,1,1,1,1,1,1,1,1,0
232,0,other towns and places,Neutral,1,1,1,1,1,1,1,1,0
233,1,other towns and places,Extremely Positive,1,1,1,1,1,1,1,1,0
234,1,other towns and places,Neutral,1,1,1,1,1,1,1,1,0
235,1,other towns and places,Slightly Positive,1,1,1,1,1,1,1,1,0
236,0,other towns and places,Extremely Negative,1,1,1,1,1,1,1,1,0
237,1,other towns and places,Neutral,1,1,1,1,1,1,1,1,0
238,0,other towns and places,Slightly Negative,1,1,1,1,1,1,1,1,0
239,1,southeast,Slightly Negative,1,1,1,1,1,1,1,1,0
240,0,other towns and places,Slightly Negative,1,1,1,1,1,1,1,1,0
241,1,east midland,Neutral,1,1,1,1,1,1,1,1,0
242,1,other towns and places,Neutral,1,1,1,1,1,1,1,1,0
243,1,east midland,Neutral,1,1,1,1,1,1,1,1,0
244,1,other towns and places,Neutral,1,1,1,1,1,1,1,1,0
245,0,other towns and places,Neutral,1,1,1,1,1,1,1,1,0
246,1,london,Slightly Negative,1,1,1,1,1,1,1,1,0
247,1,london,Slightly Negative,1,1,1,1,1,1,1,1,0
248,1,southwest,Slightly Positive,1,1,1,1,1,1,1,1,0
249,1,scotland,Extremely Positive,1,1,1,1,1,1,1,1,0
250,1,other towns and places,Neutral,1,1,1,1,1,1,1,1,0
251,1,other towns and places,Slightly Negative,1,1,1,1,1,1,1,1,0
252,1,other towns and places,Slightly Negative,1,1,1,1,1,1,1,1,0
253,0,other towns and places,Slightly Positive,1,1,1,1,1,1,1,1,0
254,1,other towns and places,Slightly Negative,1,1,1,1,1,1,1,1,0
255,1,london,Slightly Negative,1,1,1,1,1,1,1,1,0
256,0,east midland,Slightly Positive,1,1,1,1,1,1,1,1,0
257,1,other towns and places,Slightly Negative,1,1,1,1,1,1,1,1,0
258,1,northwest,Neutral,1,1,1,1,1,1,1,1,0
259,1,london,Slightly Positive,1,1,1,1,1,1,1,1,0
260,1,wales,Slightly Negative,1,1,1,1,1,1,1,1,0
261,1,other towns and places,Neutral,1,1,1,1,1,1,1,1,0
262,1,other towns and places,Slightly Negative,1,1,1,1,1,1,1,1,0
263,0,other towns and places,Extremely Positive,1,1,1,1,1,1,1,1,0
264,1,other towns and places,Neutral,1,1,1,1,1,1,1,1,0
265,1,other towns and places,Slightly Negative,1,1,1,1,1,1,1,1,0
266,1,other towns and places,Slightly Positive,1,1,1,1,1,1,1,1,0
267,1,other towns and places,Neutral,1,1,1,1,1,1,1,1,0
268,1,northwest,Neutral,1,1,1,1,1,1,1,1,0
269,1,yorkshire,Neutral,1,1,1,1,1,1,1,1,0
270,0,other towns and places,Slightly Negative,1,1,1,1,1,1,1,1,0
271,0,london,Slightly Negative,1,1,1,1,1,1,1,1,0
272,1,scotland,Neutral,1,1,1,1,1,1,1,1,0
273,1,yorkshire,Slightly Positive,1,1,1,1,1,1,1,1,0
274,1,yorkshire,Neutral,1,1,1,1,1,1,1,1,0
275,0,other towns and places,Neutral,1,1,1,1,1,1,1,1,0
276,0,scotland,Slightly Negative,1,1,1,1,1,1,1,1,0
277,1,other towns and places,Neutral,1,1,1,1,1,1,1,1,0
278,0,other towns and places,Slightly Negative,1,1,1,1,1,1,1,1,0
279,0,other towns and places,Slightly Negative,1,1,1,1,1,1,1,1,0
280,1,other towns and places,Neutral,1,1,1,1,1,1,1,1,0
281,1,other towns and places,Neutral,1,1,1,1,1,1,1,1,0
282,1,scotland,Extremely Positive,1,1,1,1,1,1,1,1,0
283,1,scotland,Neutral,1,1,1,1,1,1,1,1,0
284,1,southwest,Extremely Negative,1,1,1,1,1,1,1,1,0
285,1,other towns and places,Slightly Positive,1,1,1,1,1,1,1,1,0
286,1,other towns and places,Slightly Negative,1,1,1,1,1,1,1,1,0
287,1,other towns and places,Neutral,1,1,1,1,1,1,1,1,0
288,1,london,Neutral,1,1,1,1,1,1,1,1,0
289,0,other towns and places,Extremely Positive,1,1,1,1,1,1,1,1,0
290,0,other towns and places,Slightly Positive,1,1,1,1,1,1,1,1,0
291,0,west midland,Slightly Positive,1,1,1,1,1,1,1,1,0
292,1,yorkshire,Neutral,1,1,1,1,1,1,1,1,0
293,1,scotland,Slightly Negative,1,1,1,1,1,1,1,1,0
294,0,other towns and places,Neutral,1,1,1,1,1,1,1,1,0
295,1,other towns and places,Neutral,1,1,1,1,1,1,1,1,0
296,1,other towns and places,Slightly Positive,1,1,1,1,1,1,1,1,0
297,1,other towns and places,Slightly Positive,1,1,1,1,1,1,1,1,0
298,1,london,Neutral,1,1,1,1,1,1,1,1,0
299,1,other towns and places,Neutral,1,1,1,1,1,1,1,1,0
300,1,other towns and places,Slightly Negative,1,1,1,1,1,1,1,1,0
301,1,london,Neutral,1,1,1,1,1,1,1,1,0
302,1,other towns and places,Slightly Positive,1,1,1,1,1,1,1,1,0
303,1,yorkshire,Neutral,1,1,1,1,1,1,1,1,0
304,1,northwest,Neutral,1,1,1,1,1,1,1,1,0
305,1,other towns and places,Neutral,1,1,1,1,1,1,1,1,0
306,1,london,Slightly Positive,1,1,1,1,1,1,1,1,0
307,1,other towns and places,Slightly Negative,1,1,1,1,1,1,1,1,0
308,1,yorkshire,Neutral,1,1,1,1,1,1,1,1,0
309,1,northwest,Neutral,1,1,1,1,1,1,1,1,0
310,0,other towns and places,Neutral,1,1,1,1,1,1,1,1,0
311,1,west midland,Extremely Negative,1,1,1,1,1,1,1,1,0
312,1,london,Neutral,1,1,1,1,1,1,1,1,0
313,1,other towns and places,Slightly Positive,1,1,1,1,1,1,1,1,0
314,1,other towns and places,Neutral,1,1,1,1,1,1,1,1,0
315,1,london,Neutral,1,1,1,1,1,1,1,1,0
316,1,other towns and places,Slightly Negative,1,1,1,1,1,1,1,1,0
317,0,london,Extremely Negative,1,1,1,1,1,1,1,1,0
318,0,yorkshire,Slightly Positive,1,1,1,1,1,1,1,1,0
319,1,other towns and places,Neutral,1,1,1,1,1,1,1,1,0
320,1,other towns and places,Extremely Negative,1,1,1,1,1,1,1,1,0
321,1,london,Extremely Positive,1,1,1,1,1,1,1,1,0
322,0,london,Slightly Positive,1,1,1,1,1,1,1,1,0
323,1,other towns and places,Extremely Positive,1,1,1,1,1,1,1,1,0
324,0,other towns and places,Slightly Positive,1,1,1,1,1,1,1,1,0
325,1,other towns and places,Neutral,1,1,1,1,1,1,1,1,0
326,1,southeast,Neutral,1,1,1,1,1,1,1,1,0
327,1,other towns and places,Neutral,1,1,1,1,1,1,1,1,0
328,1,other towns and places,Neutral,1,1,1,1,1,1,1,1,0
329,1,other towns and places,Neutral,1,1,1,1,1,1,1,1,0
330,1,other towns and places,Neutral,1,1,1,1,1,1,1,1,0
331,0,london,Slightly Positive,1,1,1,1,1,1,1,1,0
332,0,other towns and places,Neutral,1,1,1,1,1,1,1,1,0
333,1,other towns and places,Slightly Positive,1,1,1,1,1,1,1,1,0
334,1,wales,Neutral,1,1,1,1,1,1,1,1,0
335,1,east midland,Slightly Positive,1,1,1,1,1,1,1,1,0
336,1,east midland,Neutral,1,1,1,1,1,1,1,1,0
337,0,northwest,Neutral,1,1,1,1,1,1,1,1,0
338,1,scotland,Neutral,1,1,1,1,1,1,1,1,0
339,0,other towns and places,Slightly Negative,1,1,1,1,1,1,1,1,0
340,0,other towns and places,Neutral,1,1,1,1,1,1,1,1,0
341,0,west midland,Slightly Negative,1,1,1,1,1,1,1,1,0
342,1,other towns and places,Slightly Positive,1,1,1,1,1,1,1,1,0
343,1,other towns and places,Neutral,1,1,1,1,1,1,1,1,0
344,1,other towns and places,Slightly Positive,1,1,1,1,1,1,1,1,0
345,1,other towns and places,Neutral,1,1,1,1,1,1,1,1,0
346,1,yorkshire,Extremely Negative,1,1,1,1,1,1,1,1,0
347,0,other towns and places,Slightly Negative,1,1,1,1,1,1,1,1,0
348,1,southwest,Neutral,1,1,1,1,1,1,1,1,0
349,1,other towns and places,Neutral,1,1,1,1,1,1,1,1,0
350,1,other towns and places,Neutral,1,1,1,1,1,1,1,1,0
351,0,scotland,Slightly Positive,1,1,1,1,1,1,1,1,0
352,0,other towns and places,Slightly Positive,1,1,1,1,1,1,1,1,0
353,1,southeast,Slightly Positive,1,1,1,1,1,1,1,1,0
354,1,other towns and places,Neutral,1,1,1,1,1,1,1,1,0
355,1,northwest,Slightly Negative,1,1,1,1,1,1,1,1,0
356,1,other towns and places,Slightly Negative,1,1,1,1,1,1,1,1,0
357,1,other towns and places,Slightly Positive,1,1,1,1,1,1,1,1,0
358,1,other towns and places,Extremely Positive,1,1,1,1,1,1,1,1,0
359,1,other towns and places,Neutral,1,1,1,1,1,1,1,1,0
360,1,other towns and places,Neutral,1,1,1,1,1,1,1,1,0
361,0,southwest,Neutral,1,1,1,1,1,1,1,1,0
362,1,northwest,Slightly Negative,1,1,1,1,1,1,1,1,0
363,1,other towns and places,Neutral,1,1,1,1,1,1,1,1,0
364,1,other towns and places,Slightly Positive,1,1,1,1,1,1,1,1,0
365,1,yorkshire,Neutral,1,1,1,1,1,1,1,1,0
366,0,london,Extremely Positive,1,1,1,1,1,1,1,1,0
367,1,newcastle,Neutral,1,1,1,1,1,1,1,1,0
368,1,yorkshire,Slightly Positive,1,1,1,1,1,1,1,1,0
369,1,other towns and places,Slightly Positive,1,1,1,1,1,1,1,1,0
370,1,other towns and places,Slightly Positive,1,1,1,1,1,1,1,1,0
371,1,other towns and places,Neutral,1,1,1,1,1,1,1,1,0
372,0,other towns and places,Slightly Positive,1,1,1,1,1,1,1,1,0
373,0,london,Neutral,1,1,1,1,1,1,1,1,0
374,1,huddersfield,Neutral,1,1,1,1,1,1,1,1,0
375,0,other towns and places,Extremely Positive,1,1,1,1,1,1,1,1,0
376,0,other towns and places,Neutral,1,1,1,1,1,1,1,1,0
377,1,other towns and places,Neutral,1,1,1,1,1,1,1,1,0
378,1,other towns and places,Extremely Positive,1,1,1,1,1,1,1,1,0
379,1,other towns and places,Neutral,1,1,1,1,1,1,1,1,0
380,1,slough,Neutral,1,1,1,1,1,1,1,1,0
381,1,northwest,Neutral,1,1,1,1,1,1,1,1,0
382,1,other towns and places,Neutral,1,1,1,1,1,1,1,1,0
383,1,other towns and places,Extremely Positive,1,1,1,1,1,1,1,1,0
384,0,yorkshire,Slightly Negative,1,1,1,1,1,1,1,1,0
385,0,other towns and places,Neutral,1,1,1,1,1,1,1,1,0
386,1,london,Slightly Positive,1,1,1,1,1,1,1,1,0
387,1,other towns and places,Slightly Negative,1,1,1,1,1,1,1,1,0
388,1,scotland,Slightly Positive,1,1,1,1,1,1,1,1,0
389,1,other towns and places,Neutral,1,1,1,1,1,1,1,1,0
390,1,other towns and places,Neutral,1,1,1,1,1,1,1,1,0
391,1,wales,Neutral,1,1,1,1,1,1,1,1,0
392,1,other towns and places,Slightly Negative,1,1,1,1,1,1,1,1,0
393,1,east midland,Slightly Negative,1,1,1,1,1,1,1,1,0
394,1,other towns and places,Extremely Positive,1,1,1,1,1,1,1,1,0
395,1,southwest,Neutral,1,1,1,1,1,1,1,1,0
396,1,other towns and places,Slightly Negative,1,1,1,1,1,1,1,1,0
397,0,southwest,Slightly Positive,1,1,1,1,1,1,1,1,0
398,1,yorkshire,Slightly Negative,1,1,1,1,1,1,1,1,0
399,1,other towns and places,Slightly Negative,1,1,1,1,1,1,1,1,0
400,0,west midland,Neutral,1,1,1,1,1,1,1,1,0
401,0,southeast,Neutral,1,1,1,1,1,1,1,1,0
402,1,other towns and places,Neutral,1,1,1,1,1,1,1,1,0
403,1,southwest,Neutral,1,1,1,1,1,1,1,1,0
404,1,northwest,Neutral,1,1,1,1,1,1,1,1,0
405,1,wales,Slightly Negative,1,1,1,1,1,1,1,1,0
406,1,other towns and places,Slightly Negative,1,1,1,1,1,1,1,1,0
407,1,other towns and places,Extremely Positive,1,1,1,1,1,1,1,1,0
408,1,other towns and places,Neutral,1,1,1,1,1,1,1,1,0
409,1,scotland,Neutral,1,1,1,1,1,1,1,1,0
410,1,london,Neutral,1,1,1,1,1,1,1,1,0
411,1,other towns and places,Neutral,1,1,1,1,1,1,1,1,0
412,0,other towns and places,Slightly Negative,1,1,1,1,1,1,1,1,0
413,1,london,Slightly Positive,1,1,1,1,1,1,1,1,0
414,1,london,Neutral,1,1,1,1,1,1,1,1,0
415,1,other towns and places,Neutral,1,1,1,1,1,1,1,1,0
416,0,other towns and places,Slightly Positive,1,1,1,1,1,1,1,1,0
417,1,other towns and places,Slightly Negative,1,1,1,1,1,1,1,1,0
418,1,east midland,Neutral,1,1,1,1,1,1,1,1,0
419,1,london,Slightly Positive,1,1,1,1,1,1,1,1,0
420,1,wales,Neutral,1,1,1,1,1,1,1,1,0
421,1,southwest,Slightly Positive,1,1,1,1,1,1,1,1,0
422,1,scotland,Neutral,1,1,1,1,1,1,1,1,0
423,1,northeast,Neutral,1,1,1,1,1,1,1,1,0
424,1,northwest,Slightly Negative,1,1,1,1,1,1,1,1,0
425,1,southeast,Neutral,1,1,1,1,1,1,1,1,0
426,1,yorkshire,Slightly Negative,1,1,1,1,1,1,1,1,0
427,1,london,Extremely Positive,1,1,1,1,1,1,1,1,0
428,1,other towns and places,Slightly Negative,1,1,1,1,1,1,1,1,0
429,0,yorkshire,Slightly Negative,1,1,1,1,1,1,1,1,0
430,1,other towns and places,Neutral,1,1,1,1,1,1,1,1,0
431,1,london,Neutral,1,1,1,1,1,1,1,1,0
432,1,northeast,Slightly Positive,1,1,1,1,1,1,1,1,0
433,1,london,Slightly Negative,1,1,1,1,1,1,1,1,0
434,0,northeast,Slightly Negative,1,1,1,1,1,1,1,1,0
435,1,other towns and places,Neutral,1,1,1,1,1,1,1,1,0
436,1,london,Neutral,1,1,1,1,1,1,1,1,0
437,1,southwest,Neutral,1,1,1,1,1,1,1,1,0
438,0,london,Neutral,1,1,1,1,1,1,1,1,0
439,0,other towns and places,Slightly Positive,1,1,1,1,1,1,1,1,0
440,1,other towns and places,Slightly Positive,1,1,1,1,1,1,1,1,0
441,1,other towns and places,Extremely Positive,1,1,1,1,1,1,1,1,0
442,1,northwest,Slightly Negative,1,1,1,1,1,1,1,1,0
443,1,other towns and places,Neutral,1,1,1,1,1,1,1,1,0
444,1,other towns and places,Slightly Positive,1,1,1,1,1,1,1,1,0
445,1,northeast,Slightly Negative,1,1,1,1,1,1,1,1,0
446,1,northwest,Slightly Negative,1,1,1,1,1,1,1,1,0
447,0,scotland,Slightly Negative,1,1,1,1,1,1,1,1,0
448,1,scotland,Extremely Positive,1,1,1,1,1,1,1,1,0
449,1,yorkshire,Neutral,1,1,1,1,1,1,1,1,0
450,1,wales,Slightly Positive,1,1,1,1,1,1,1,1,0
451,1,east midland,Slightly Positive,1,1,1,1,1,1,1,1,0
452,1,southwest,Slightly Positive,1,1,1,1,1,1,1,1,0
453,1,scotland,Slightly Positive,1,1,1,1,1,1,1,1,0
454,1,london,Extremely Positive,1,1,1,1,1,1,1,1,0
455,1,yorkshire,Neutral,1,1,1,1,1,1,1,1,0
456,1,northeast,Slightly Negative,1,1,1,1,1,1,1,1,0
457,0,other towns and places,Slightly Positive,1,1,1,1,1,1,1,1,0
458,1,other towns and places,Extremely Positive,1,1,1,1,1,1,1,1,0
459,0,other towns and places,Neutral,1,1,1,1,1,1,1,1,0
460,1,other towns and places,Neutral,1,1,1,1,1,1,1,1,0
461,1,other towns and places,Neutral,1,1,1,1,1,1,1,1,0
462,1,other towns and places,Neutral,1,1,1,1,1,1,1,1,0
463,1,southeast,Neutral,1,1,1,1,1,1,1,1,0
464,1,wales,Neutral,1,1,1,1,1,1,1,1,0
465,0,southwest,Extremely Positive,1,1,1,1,1,1,1,1,0
466,0,other towns and places,Slightly Positive,1,1,1,1,1,1,1,1,0
467,1,southeast,Extremely Negative,1,1,1,1,1,1,1,1,0
468,1,other towns and places,Slightly Positive,1,1,1,1,1,1,1,1,0
469,0,london,Slightly Negative,1,1,1,1,1,1,1,1,0
470,1,scotland,Slightly Negative,1,1,1,1,1,1,1,1,0
471,1,other towns and places,Neutral,1,1,1,1,1,1,1,1,0
472,0,west midland,Neutral,1,1,1,1,1,1,1,1,0
473,1,other towns and places,Neutral,1,1,1,1,1,1,1,1,0
474,1,other towns and places,Neutral,1,1,1,1,1,1,1,1,0
475,1,coventry,Slightly Negative,1,1,1,1,1,1,1,1,0
476,1,london,Slightly Positive,1,1,1,1,1,1,1,1,0
477,1,other towns and places,Extremely Positive,1,1,1,1,1,1,1,1,0
478,1,other towns and places,Neutral,1,1,1,1,1,1,1,1,0
479,1,northern ireland,Extremely Positive,1,1,1,1,1,1,1,1,0
480,1,southwest,Slightly Positive,1,1,1,1,1,1,1,1,0
481,0,other towns and places,Slightly Negative,1,1,1,1,1,1,1,1,0
482,0,other towns and places,Slightly Negative,1,1,1,1,1,1,1,1,0
483,1,northwest,Neutral,1,1,1,1,1,1,1,1,0
484,0,northwest,Neutral,1,1,1,1,1,1,1,1,0
485,1,other towns and places,Neutral,1,1,1,1,1,1,1,1,0
486,0,scotland,Slightly Positive,1,1,1,1,1,1,1,1,0
487,1,other towns and places,Extremely Positive,1,1,1,1,1,1,1,1,0
488,1,london,Neutral,1,1,1,1,1,1,1,1,0
489,1,london,Neutral,1,1,1,1,1,1,1,1,0
490,1,other towns and places,Neutral,1,1,1,1,1,1,1,1,0
491,1,yorkshire,Neutral,1,1,1,1,1,1,1,1,0
492,1,other towns and places,Neutral,1,1,1,1,1,1,1,1,0
493,1,other towns and places,Neutral,1,1,1,1,1,1,1,1,0
494,0,other towns and places,Neutral,1,1,1,1,1,1,1,1,0
495,1,east midland,Extremely Negative,1,1,1,1,1,1,1,1,0
496,1,other towns and places,Neutral,1,1,1,1,1,1,1,1,0
497,1,other towns and places,Slightly Negative,1,1,1,1,1,1,1,1,0
498,0,other towns and places,Neutral,1,1,1,1,1,1,1,1,0
499,1,other towns and places,Extremely Positive,1,1,1,1,1,1,1,1,0
500,1,east midland,Slightly Negative,1,1,1,1,1,1,1,1,0
501,1,scotland,Neutral,1,1,1,1,1,1,1,1,0
502,1,northwest,Slightly Negative,1,1,1,1,1,1,1,1,0
503,1,other towns and places,Extremely Positive,1,1,1,1,1,1,1,1,0
504,0,west midland,Neutral,1,1,1,1,1,1,1,1,0
505,0,other towns and places,Slightly Negative,1,1,1,1,1,1,1,1,0
506,1,other towns and places,Neutral,1,1,1,1,1,1,1,1,0
507,1,london,Slightly Positive,1,1,1,1,1,1,1,1,0
508,1,other towns and places,Neutral,1,1,1,1,1,1,1,1,0
509,1,other towns and places,Slightly Negative,1,1,1,1,1,1,1,1,0
510,1,other towns and places,Slightly Negative,1,1,1,1,1,1,1,1,0
511,0,other towns and places,Extremely Negative,1,1,1,1,1,1,1,1,0
512,1,other towns and places,Slightly Positive,1,1,1,1,1,1,1,1,0
513,1,other towns and places,Neutral,1,1,1,1,1,1,1,1,0
514,0,other towns and places,Slightly Positive,1,1,1,1,1,1,1,1,0
515,0,other towns and places,Slightly Negative,1,1,1,1,1,1,1,1,0
516,1,scotland,Slightly Negative,1,1,1,1,1,1,1,1,0
517,1,other towns and places,Slightly Positive,1,1,1,1,1,1,1,1,0
518,1,northern ireland,Slightly Negative,1,1,1,1,1,1,1,1,0
519,1,yorkshire,Slightly Negative,1,1,1,1,1,1,1,1,0
520,1,other towns and places,Extremely Positive,1,1,1,1,1,1,1,1,0
521,0,other towns and places,Slightly Negative,1,1,1,1,1,1,1,1,0
522,1,other towns and places,Slightly Positive,1,1,1,1,1,1,1,1,0
523,1,other towns and places,Slightly Negative,1,1,1,1,1,1,1,1,0
524,1,northwest,Slightly Negative,1,1,1,1,1,1,1,1,0
525,1,other towns and places,Slightly Negative,1,1,1,1,1,1,1,1,0
526,0,other towns and places,Slightly Positive,1,1,1,1,1,1,1,1,0
527,1,other towns and places,Neutral,1,1,1,1,1,1,1,1,0
528,1,wales,Neutral,1,1,1,1,1,1,1,1,0
529,1,west midland,Slightly Negative,1,1,1,1,1,1,1,1,0
530,1,southeast,Neutral,1,1,1,1,1,1,1,1,0
531,1,west midland,Slightly Negative,1,1,1,1,1,1,1,1,0
532,0,other towns and places,Neutral,1,1,1,1,1,1,1,1,0
533,0,other towns and places,Slightly Negative,1,1,1,1,1,1,1,1,0
534,1,other towns and places,Neutral,1,1,1,1,1,1,1,1,0
535,1,london,Neutral,1,1,1,1,1,1,1,1,0
536,1,london,Neutral,1,1,1,1,1,1,1,1,0
537,1,other towns and places,Slightly Positive,1,1,1,1,1,1,1,1,0
538,0,west midland,Slightly Positive,1,1,1,1,1,1,1,1,0
539,1,yorkshire,Neutral,1,1,1,1,1,1,1,1,0
540,1,other towns and places,Extremely Positive,1,1,1,1,1,1,1,1,0
541,1,southwest,Slightly Negative,1,1,1,1,1,1,1,1,0
542,1,other towns and places,Slightly Positive,1,1,1,1,1,1,1,1,0
543,1,west midland,Neutral,1,1,1,1,1,1,1,1,0
544,1,other towns and places,Slightly Positive,1,1,1,1,1,1,1,1,0
545,0,northern ireland,Extremely Negative,1,1,1,1,1,1,1,1,0
546,1,other towns and places,Slightly Negative,1,1,1,1,1,1,1,1,0
547,1,east midland,Slightly Negative,1,1,1,1,1,1,1,1,0
548,1,other towns and places,Slightly Negative,1,1,1,1,1,1,1,1,0
549,1,london,Neutral,1,1,1,1,1,1,1,1,0
550,0,northwest,Slightly Positive,1,1,1,1,1,1,1,1,0
551,1,other towns and places,Slightly Negative,1,1,1,1,1,1,1,1,0
552,1,other towns and places,Extremely Positive,1,1,1,1,1,1,1,1,0
553,1,other towns and places,Neutral,1,1,1,1,1,1,1,1,0
554,1,other towns and places,Slightly Negative,1,1,1,1,1,1,1,1,0
555,1,yorkshire,Neutral,1,1,1,1,1,1,1,1,0
556,1,other towns and places,Neutral,1,1,1,1,1,1,1,1,0
557,0,other towns and places,Slightly Positive,1,1,1,1,1,1,1,1,0
558,1,northeast,Slightly Negative,1,1,1,1,1,1,1,1,0
559,1,other towns and places,Neutral,1,1,1,1,1,1,1,1,0
560,1,other towns and places,Slightly Positive,1,1,1,1,1,1,1,1,0
561,1,northeast,Slightly Positive,1,1,1,1,1,1,1,1,0
562,0,other towns and places,Neutral,1,1,1,1,1,1,1,1,0
563,1,other towns and places,Neutral,1,1,1,1,1,1,1,1,0
564,0,southwest,Slightly Negative,1,1,1,1,1,1,1,1,0
565,0,southeast,Neutral,1,1,1,1,1,1,1,1,0
566,1,scotland,Slightly Negative,1,1,1,1,1,1,1,1,0
567,1,yorkshire,Neutral,1,1,1,1,1,1,1,1,0
568,1,other towns and places,Slightly Positive,1,1,1,1,1,1,1,1,0
569,0,other towns and places,Extremely Positive,1,1,1,1,1,1,1,1,0
570,1,london,Slightly Negative,1,1,1,1,1,1,1,1,0
571,0,other towns and places,Neutral,1,1,1,1,1,1,1,1,0
572,1,london,Slightly Negative,1,1,1,1,1,1,1,1,0
573,1,west midland,Neutral,1,1,1,1,1,1,1,1,0
574,1,west midland,Neutral,1,1,1,1,1,1,1,1,0
575,1,northwest,Neutral,1,1,1,1,1,1,1,1,0
576,1,northwest,Slightly Negative,1,1,1,1,1,1,1,1,0
577,0,yorkshire,Neutral,1,1,1,1,1,1,1,1,0
578,1,yorkshire,Neutral,1,1,1,1,1,1,1,1,0
579,1,other towns and places,Extremely Positive,1,1,1,1,1,1,1,1,0
580,1,milton keynes,Neutral,1,1,1,1,1,1,1,1,0
581,1,other towns and places,Neutral,1,1,1,1,1,1,1,1,0
582,0,other towns and places,Extremely Negative,1,1,1,1,1,1,1,1,0
583,1,east midland,Slightly Positive,1,1,1,1,1,1,1,1,0
584,1,other towns and places,Neutral,1,1,1,1,1,1,1,1,0
585,1,other towns and places,Neutral,1,1,1,1,1,1,1,1,0
586,1,northwest,Extremely Positive,1,1,1,1,1,1,1,1,0
587,1,other towns and places,Neutral,1,1,1,1,1,1,1,1,0
588,1,yorkshire,Neutral,1,1,1,1,1,1,1,1,0
589,1,other towns and places,Neutral,1,1,1,1,1,1,1,1,0
590,0,other towns and places,Neutral,1,1,1,1,1,1,1,1,0
591,1,other towns and places,Slightly Positive,1,1,1,1,1,1,1,1,0
592,1,other towns and places,Slightly Positive,1,1,1,1,1,1,1,1,0
593,1,yorkshire,Slightly Positive,1,1,1,1,1,1,1,1,0
594,0,yorkshire,Neutral,1,1,1,1,1,1,1,1,0
595,1,yorkshire,Neutral,1,1,1,1,1,1,1,1,0
596,1,northern ireland,Slightly Negative,1,1,1,1,1,1,1,1,0
597,1,other towns and places,Neutral,1,1,1,1,1,1,1,1,0
598,1,london,Slightly Negative,1,1,1,1,1,1,1,1,0
599,1,other towns and places,Slightly Positive,1,1,1,1,1,1,1,1,0
600,1,other towns and places,Slightly Positive,1,1,1,1,1,1,1,1,0
601,1,east midland,Neutral,1,1,1,1,1,1,1,1,0
602,1,other towns and places,Neutral,1,1,1,1,1,1,1,1,0
603,0,other towns and places,Neutral,1,1,1,1,1,1,1,1,0
604,1,northeast,Slightly Negative,1,1,1,1,1,1,1,1,0
605,1,southwest,Slightly Negative,1,1,1,1,1,1,1,1,0
606,1,other towns and places,Slightly Negative,1,1,1,1,1,1,1,1,0
607,1,southwest,Slightly Positive,1,1,1,1,1,1,1,1,0
608,1,other towns and places,Neutral,1,1,1,1,1,1,1,1,0
609,0,other towns and places,Neutral,1,1,1,1,1,1,1,1,0
610,1,scotland,Slightly Negative,1,1,1,1,1,1,1,1,0
611,1,other towns and places,Neutral,1,1,1,1,1,1,1,1,0
612,1,southwest,Neutral,1,1,1,1,1,1,1,1,0
613,1,london,Neutral,1,1,1,1,1,1,1,1,0
614,1,yorkshire,Neutral,1,1,1,1,1,1,1,1,0
615,1,northeast,Neutral,1,1,1,1,1,1,1,1,0
616,1,scotland,Extremely Negative,1,1,1,1,1,1,1,1,0
617,1,other towns and places,Neutral,1,1,1,1,1,1,1,1,0
618,1,other towns and places,Slightly Positive,1,1,1,1,1,1,1,1,0
619,1,other towns and places,Neutral,1,1,1,1,1,1,1,1,0
620,0,east midland,Extremely Positive,1,1,1,1,1,1,1,1,0
621,0,other towns and places,Slightly Negative,1,1,1,1,1,1,1,1,0
622,1,other towns and places,Extremely Positive,1,1,1,1,1,1,1,1,0
623,1,other towns and places,Neutral,1,1,1,1,1,1,1,1,0
624,1,other towns and places,Slightly Positive,1,1,1,1,1,1,1,1,0
625,1,other towns and places,Slightly Positive,1,1,1,1,1,1,1,1,0
626,1,other towns and places,Slightly Negative,1,1,1,1,1,1,1,1,0
627,0,other towns and places,Neutral,1,1,1,1,1,1,1,1,0
628,0,other towns and places,Slightly Negative,1,1,1,1,1,1,1,1,0
629,1,other towns and places,Slightly Negative,1,1,1,1,1,1,1,1,0
630,1,other towns and places,Neutral,1,1,1,1,1,1,1,1,0
631,1,other towns and places,Neutral,1,1,1,1,1,1,1,1,0
632,1,other towns and places,Neutral,1,1,1,1,1,1,1,1,0
633,1,other towns and places,Neutral,1,1,1,1,1,1,1,1,0
634,1,london,Slightly Negative,1,1,1,1,1,1,1,1,0
635,1,other towns and places,Extremely Positive,1,1,1,1,1,1,1,1,0
636,1,other towns and places,Neutral,1,1,1,1,1,1,1,1,0
637,1,yorkshire,Slightly Negative,1,1,1,1,1,1,1,1,0
638,1,other towns and places,Extremely Positive,1,1,1,1,1,1,1,1,0
639,1,other towns and places,Neutral,1,1,1,1,1,1,1,1,0
640,1,southwest,Slightly Positive,1,1,1,1,1,1,1,1,0
641,1,other towns and places,Slightly Negative,1,1,1,1,1,1,1,1,0
642,1,northwest,Slightly Positive,1,1,1,1,1,1,1,1,0
643,1,northwest,Slightly Positive,1,1,1,1,1,1,1,1,0
644,0,other towns and places,Slightly Positive,1,1,1,1,1,1,1,1,0
645,1,other towns and places,Slightly Negative,1,1,1,1,1,1,1,1,0
646,1,southwest,Slightly Positive,1,1,1,1,1,1,1,1,0
647,1,other towns and places,Slightly Positive,1,1,1,1,1,1,1,1,0
648,1,other towns and places,Slightly Positive,1,1,1,1,1,1,1,1,0
649,1,other towns and places,Slightly Negative,1,1,1,1,1,1,1,1,0
650,1,other towns and places,Slightly Negative,1,1,1,1,1,1,1,1,0
651,0,london,Neutral,1,1,1,1,1,1,1,1,0
652,1,scotland,Neutral,1,1,1,1,1,1,1,1,0
653,1,other towns and places,Slightly Positive,1,1,1,1,1,1,1,1,0
654,1,other towns and places,Slightly Positive,1,1,1,1,1,1,1,1,0
655,1,west midland,Slightly Negative,1,1,1,1,1,1,1,1,0
656,1,other towns and places,Neutral,1,1,1,1,1,1,1,1,0
657,1,east midland,Extremely Positive,1,1,1,1,1,1,1,1,0
658,1,southwest,Neutral,1,1,1,1,1,1,1,1,0
659,1,other towns and places,Slightly Negative,1,1,1,1,1,1,1,1,0
660,0,yorkshire,Neutral,1,1,1,1,1,1,1,1,0
661,1,other towns and places,Neutral,1,1,1,1,1,1,1,1,0
662,0,northwest,Extremely Positive,1,1,1,1,1,1,1,1,0
663,1,london,Neutral,1,1,1,1,1,1,1,1,0
664,0,london,Neutral,1,1,1,1,1,1,1,1,0
665,0,other towns and places,Extremely Positive,1,1,1,1,1,1,1,1,0
666,1,other towns and places,Slightly Positive,1,1,1,1,1,1,1,1,0
667,1,other towns and places,Neutral,1,1,1,1,1,1,1,1,0
668,0,other towns and places,Slightly Positive,1,1,1,1,1,1,1,1,0
669,1,other towns and places,Neutral,1,1,1,1,1,1,1,1,0
670,1,london,Neutral,1,1,1,1,1,1,1,1,0
671,1,york,Neutral,1,1,1,1,1,1,1,1,0
672,0,bradford,Neutral,1,1,1,1,1,1,1,1,0
673,1,northwest,Neutral,1,1,1,1,1,1,1,1,0
674,1,other towns and places,Neutral,1,1,1,1,1,1,1,1,0
675,1,other towns and places,Neutral,1,1,1,1,1,1,1,1,0
676,1,scotland,Neutral,1,1,1,1,1,1,1,1,0
677,1,southwest,Slightly Positive,1,1,1,1,1,1,1,1,0
678,1,yorkshire,Neutral,1,1,1,1,1,1,1,1,0
679,0,london,Neutral,1,1,1,1,1,1,1,1,0
680,0,london,Neutral,1,1,1,1,1,1,1,1,0
681,1,london,Extremely Negative,1,1,1,1,1,1,1,1,0
682,1,luton,Neutral,1,1,1,1,1,1,1,1,0
683,1,other towns and places,Slightly Negative,1,1,1,1,1,1,1,1,0
684,1,southeast,Extremely Positive,1,1,1,1,1,1,1,1,0
685,1,other towns and places,Slightly Positive,1,1,1,1,1,1,1,1,0
686,1,other towns and places,Slightly Positive,1,1,1,1,1,1,1,1,0
687,1,other towns and places,Slightly Positive,1,1,1,1,1,1,1,1,0
688,1,stoke-on-trent,Slightly Negative,1,1,1,1,1,1,1,1,0
689,1,other towns and places,Neutral,1,1,1,1,1,1,1,1,0
690,1,london,Slightly Negative,1,1,1,1,1,1,1,1,0
691,0,other towns and places,Slightly Positive,1,1,1,1,1,1,1,1,0
692,1,northwest,Neutral,1,1,1,1,1,1,1,1,0
693,1,other towns and places,Neutral,1,1,1,1,1,1,1,1,0
694,1,other towns and places,Slightly Negative,1,1,1,1,1,1,1,1,0
695,1,other towns and places,Neutral,1,1,1,1,1,1,1,1,0
696,0,northern ireland,Slightly Positive,1,1,1,1,1,1,1,1,0
697,1,southeast,Slightly Negative,1,1,1,1,1,1,1,1,0
698,1,london,Slightly Positive,1,1,1,1,1,1,1,1,0
699,1,northwest,Neutral,1,1,1,1,1,1,1,1,0
700,1,other towns and places,Slightly Negative,1,1,1,1,1,1,1,1,0
701,1,other towns and places,Slightly Negative,1,1,1,1,1,1,1,1,0
702,1,other towns and places,Slightly Negative,1,1,1,1,1,1,1,1,0
703,0,southwest,Neutral,1,1,1,1,1,1,1,1,0
704,1,other towns and places,Neutral,1,1,1,1,1,1,1,1,0
705,1,northern ireland,Extremely Positive,1,1,1,1,1,1,1,1,0
706,1,northwest,Neutral,1,1,1,1,1,1,1,1,0
707,1,southwest,Extremely Positive,1,1,1,1,1,1,1,1,0
708,1,other towns and places,Extremely Negative,1,1,1,1,1,1,1,1,0
709,1,scotland,Slightly Negative,1,1,1,1,1,1,1,1,0
710,1,other towns and places,Slightly Positive,1,1,1,1,1,1,1,1,0
711,1,northern ireland,Extremely Positive,1,1,1,1,1,1,1,1,0
712,1,other towns and places,Slightly Negative,1,1,1,1,1,1,1,1,0
713,1,southwest,Slightly Negative,1,1,1,1,1,1,1,1,0
714,1,west midland,Slightly Negative,1,1,1,1,1,1,1,1,0
715,1,other towns and places,Slightly Negative,1,1,1,1,1,1,1,1,0
716,1,other towns and places,Slightly Negative,1,1,1,1,1,1,1,1,0
717,1,other towns and places,Neutral,1,1,1,1,1,1,1,1,0
718,0,east midland,Extremely Negative,1,1,1,1,1,1,1,1,0
719,0,other towns and places,Slightly Negative,1,1,1,1,1,1,1,1,0
720,1,other towns and places,Neutral,1,1,1,1,1,1,1,1,0
721,1,other towns and places,Slightly Positive,1,1,1,1,1,1,1,1,0
722,0,southwest,Slightly Negative,1,1,1,1,1,1,1,1,0
723,1,other towns and places,Slightly Negative,1,1,1,1,1,1,1,1,0
724,1,other towns and places,Slightly Positive,1,1,1,1,1,1,1,1,0
725,1,other towns and places,Extremely Negative,1,1,1,1,1,1,1,1,0
726,1,other towns and places,Slightly Negative,1,1,1,1,1,1,1,1,0
727,1,other towns and places,Slightly Negative,1,1,1,1,1,1,1,1,0
728,0,other towns and places,Neutral,1,1,1,1,1,1,1,1,0
729,1,other towns and places,Neutral,1,1,1,1,1,1,1,1,0
730,0,northeast,Neutral,1,1,1,1,1,1,1,1,0
731,0,other towns and places,Slightly Positive,1,1,1,1,1,1,1,1,0
732,0,other towns and places,Neutral,1,1,1,1,1,1,1,1,0
733,0,london,Extremely Positive,1,1,1,1,1,1,1,1,0
734,1,northern ireland,Slightly Negative,1,1,1,1,1,1,1,1,0
735,1,southeast,Slightly Positive,1,1,1,1,1,1,1,1,0
736,1,yorkshire,Slightly Negative,1,1,1,1,1,1,1,1,0
737,1,other towns and places,Neutral,1,1,1,1,1,1,1,1,0
738,1,other towns and places,Neutral,1,1,1,1,1,1,1,1,0
739,1,southwest,Neutral,1,1,1,1,1,1,1,1,0
740,1,yorkshire,Neutral,1,1,1,1,1,1,1,1,0
741,1,northern ireland,Extremely Positive,1,1,1,1,1,1,1,1,0
742,1,scotland,Neutral,1,1,1,1,1,1,1,1,0
743,1,east midland,Neutral,1,1,1,1,1,1,1,1,0
744,1,west midland,Extremely Positive,1,1,1,1,1,1,1,1,0
745,1,plymouth,Slightly Positive,1,1,1,1,1,1,1,1,0
746,1,other towns and places,Neutral,1,1,1,1,1,1,1,1,0
747,1,other towns and places,Extremely Positive,1,1,1,1,1,1,1,1,0
748,1,other towns and places,Neutral,1,1,1,1,1,1,1,1,0
749,1,northern ireland,Slightly Positive,1,1,1,1,1,1,1,1,0
750,1,other towns and places,Neutral,1,1,1,1,1,1,1,1,0
751,1,other towns and places,Extremely Negative,1,1,1,1,1,1,1,1,0
752,0,scotland,Neutral,1,1,1,1,1,1,1,1,0
753,1,london,Extremely Positive,1,1,1,1,1,1,1,1,0
754,1,other towns and places,Neutral,1,1,1,1,1,1,1,1,0
755,0,northern ireland,Neutral,1,1,1,1,1,1,1,1,0
756,1,other towns and places,Slightly Positive,1,1,1,1,1,1,1,1,0
757,0,london,Slightly Negative,1,1,1,1,1,1,1,1,0
758,1,east midland,Neutral,1,1,1,1,1,1,1,1,0
759,1,stoke-on-trent,Slightly Positive,1,1,1,1,1,1,1,1,0
760,0,other towns and places,Neutral,1,1,1,1,1,1,1,1,0
761,1,london,Slightly Positive,1,1,1,1,1,1,1,1,0
762,1,london,Extremely Negative,1,1,1,1,1,1,1,1,0
763,1,other towns and places,Neutral,1,1,1,1,1,1,1,1,0
764,1,east midland,Slightly Negative,1,1,1,1,1,1,1,1,0
765,1,yorkshire,Slightly Positive,1,1,1,1,1,1,1,1,0
766,1,other towns and places,Slightly Positive,1,1,1,1,1,1,1,1,0
767,1,london,Neutral,1,1,1,1,1,1,1,1,0
768,1,other towns and places,Slightly Positive,1,1,1,1,1,1,1,1,0
769,1,london,Neutral,1,1,1,1,1,1,1,1,0
770,1,other towns and places,Neutral,1,1,1,1,1,1,1,1,0
771,1,other towns and places,Neutral,1,1,1,1,1,1,1,1,0
772,1,other towns and places,Slightly Negative,1,1,1,1,1,1,1,1,0
773,0,other towns and places,Slightly Positive,1,1,1,1,1,1,1,1,0
774,0,london,Neutral,1,1,1,1,1,1,1,1,0
775,1,other towns and places,Neutral,1,1,1,1,1,1,1,1,0
776,1,northwest,Extremely Positive,1,1,1,1,1,1,1,1,0
777,1,other towns and places,Neutral,1,1,1,1,1,1,1,1,0
778,1,london,Neutral,1,1,1,1,1,1,1,1,0
779,1,other towns and places,Slightly Negative,1,1,1,1,1,1,1,1,0
780,1,other towns and places,Neutral,1,1,1,1,1,1,1,1,0
781,1,other towns and places,Neutral,1,1,1,1,1,1,1,1,0
782,1,southwest,Neutral,1,1,1,1,1,1,1,1,0
783,1,wales,Slightly Negative,1,1,1,1,1,1,1,1,0
784,1,yorkshire,Slightly Positive,1,1,1,1,1,1,1,1,0
785,1,southeast,Slightly Positive,1,1,1,1,1,1,1,1,0
786,1,other towns and places,Slightly Negative,1,1,1,1,1,1,1,1,0
787,1,london,Slightly Positive,1,1,1,1,1,1,1,1,0
788,1,northwest,Neutral,1,1,1,1,1,1,1,1,0
789,1,other towns and places,Neutral,1,1,1,1,1,1,1,1,0
790,1,scotland,Slightly Negative,1,1,1,1,1,1,1,1,0
791,1,other towns and places,Neutral,1,1,1,1,1,1,1,1,0
792,1,other towns and places,Neutral,1,1,1,1,1,1,1,1,0
793,0,other towns and places,Slightly Negative,1,1,1,1,1,1,1,1,0
794,1,other towns and places,Slightly Negative,1,1,1,1,1,1,1,1,0
795,0,other towns and places,Slightly Positive,1,1,1,1,1,1,1,1,0
796,1,other towns and places,Neutral,1,1,1,1,1,1,1,1,0
797,1,london,Slightly Negative,1,1,1,1,1,1,1,1,0
798,1,other towns and places,Slightly Positive,1,1,1,1,1,1,1,1,0
799,0,other towns and places,Neutral,1,1,1,1,1,1,1,1,0
800,0,southeast,Slightly Positive,1,1,1,1,1,1,1,1,0
801,1,other towns and places,Slightly Positive,1,1,1,1,1,1,1,1,0
802,1,other towns and places,Neutral,1,1,1,1,1,1,1,1,0
803,1,other towns and places,Slightly Positive,1,1,1,1,1,1,1,1,0
804,1,yorkshire,Slightly Negative,1,1,1,1,1,1,1,1,0
805,1,aberdeen,Extremely Positive,1,1,1,1,1,1,1,1,0
806,0,telford,Slightly Negative,1,1,1,1,1,1,1,1,0
807,1,east midland,Slightly Negative,1,1,1,1,1,1,1,1,0
808,1,southeast,Neutral,1,1,1,1,1,1,1,1,0
809,0,northwest,Slightly Positive,1,1,1,1,1,1,1,1,0
810,1,other towns and places,Slightly Negative,1,1,1,1,1,1,1,1,0
811,1,yorkshire,Slightly Positive,1,1,1,1,1,1,1,1,0
812,1,southwest,Slightly Negative,1,1,1,1,1,1,1,1,0
813,0,east midland,Slightly Positive,1,1,1,1,1,1,1,1,0
814,1,other towns and places,Slightly Negative,1,1,1,1,1,1,1,1,0
815,1,other towns and places,Slightly Negative,1,1,1,1,1,1,1,1,0
816,0,other towns and places,Neutral,1,1,1,1,1,1,1,1,0
817,0,yorkshire,Neutral,1,1,1,1,1,1,1,1,0
818,1,northwest,Neutral,1,1,1,1,1,1,1,1,0
819,1,west midland,Slightly Negative,1,1,1,1,1,1,1,1,0
820,0,yorkshire,Neutral,1,1,1,1,1,1,1,1,0
821,0,other towns and places,Neutral,1,1,1,1,1,1,1,1,0
822,0,yorkshire,Neutral,1,1,1,1,1,1,1,1,0
823,0,other towns and places,Slightly Positive,1,1,1,1,1,1,1,1,0
824,0,east midland,Neutral,1,1,1,1,1,1,1,1,0
825,0,northwest,Slightly Negative,1,1,1,1,1,1,1,1,0
826,1,west midland,Slightly Positive,1,1,1,1,1,1,1,1,0
827,1,other towns and places,Slightly Negative,1,1,1,1,1,1,1,1,0
828,1,scotland,Neutral,1,1,1,1,1,1,1,1,0
829,0,other towns and places,Neutral,1,1,1,1,1,1,1,1,0
830,1,other towns and places,Slightly Negative,1,1,1,1,1,1,1,1,0
831,1,southwest,Slightly Positive,1,1,1,1,1,1,1,1,0
832,1,other towns and places,Slightly Negative,1,1,1,1,1,1,1,1,0
833,1,west midland,Neutral,1,1,1,1,1,1,1,1,0
834,1,other towns and places,Neutral,1,1,1,1,1,1,1,1,0
835,1,other towns and places,Neutral,1,1,1,1,1,1,1,1,0
836,1,other towns and places,Neutral,1,1,1,1,1,1,1,1,0
837,1,other towns and places,Neutral,1,1,1,1,1,1,1,1,0
838,1,other towns and places,Slightly Positive,1,1,1,1,1,1,1,1,0
839,1,other towns and places,Slightly Positive,1,1,1,1,1,1,1,1,0
840,1,other towns and places,Slightly Negative,1,1,1,1,1,1,1,1,0
841,1,other towns and places,Slightly Negative,1,1,1,1,1,1,1,1,0
842,1,yorkshire,Neutral,1,1,1,1,1,1,1,1,0
843,0,other towns and places,Slightly Negative,1,1,1,1,1,1,1,1,0
844,1,northwest,Neutral,1,1,1,1,1,1,1,1,0
845,0,northeast,Slightly Negative,1,1,1,1,1,1,1,1,0
846,1,wales,Slightly Positive,1,1,1,1,1,1,1,1,0
847,0,west midland,Slightly Negative,1,1,1,1,1,1,1,1,0
848,1,yorkshire,Slightly Positive,1,1,1,1,1,1,1,1,0
849,1,other towns and places,Neutral,1,1,1,1,1,1,1,1,0
850,1,other towns and places,Neutral,1,1,1,1,1,1,1,1,0
851,1,other towns and places,Slightly Negative,1,1,1,1,1,1,1,1,0
852,1,other towns and places,Neutral,1,1,1,1,1,1,1,1,0
853,1,other towns and places,Neutral,1,1,1,1,1,1,1,1,0
854,1,london,Neutral,1,1,1,1,1,1,1,1,0
855,1,other towns and places,Neutral,1,1,1,1,1,1,1,1,0
856,1,west midland,Slightly Negative,1,1,1,1,1,1,1,1,0
857,1,other towns and places,Slightly Positive,1,1,1,1,1,1,1,1,0
858,1,other towns and places,Neutral,1,1,1,1,1,1,1,1,0
859,1,east midland,Neutral,1,1,1,1,1,1,1,1,0
860,1,other towns and places,Neutral,1,1,1,1,1,1,1,1,0
861,1,scotland,Slightly Positive,1,1,1,1,1,1,1,1,0
862,1,other towns and places,Slightly Positive,1,1,1,1,1,1,1,1,0
863,1,east midland,Neutral,1,1,1,1,1,1,1,1,0
864,0,northern ireland,Slightly Negative,1,1,1,1,1,1,1,1,0
865,1,east midland,Slightly Negative,1,1,1,1,1,1,1,1,0
866,1,northwest,Neutral,1,1,1,1,1,1,1,1,0
867,1,east midland,Slightly Positive,1,1,1,1,1,1,1,1,0
868,1,other towns and places,Neutral,1,1,1,1,1,1,1,1,0
869,1,other towns and places,Slightly Negative,1,1,1,1,1,1,1,1,0
870,1,northeast,Neutral,1,1,1,1,1,1,1,1,0
871,0,scotland,Slightly Negative,1,1,1,1,1,1,1,1,0
872,0,other towns and places,Slightly Negative,1,1,1,1,1,1,1,1,0
873,1,london,Slightly Positive,1,1,1,1,1,1,1,1,0
874,1,other towns and places,Neutral,1,1,1,1,1,1,1,1,0
875,1,london,Slightly Negative,1,1,1,1,1,1,1,1,0
876,1,other towns and places,Neutral,1,1,1,1,1,1,1,1,0
877,1,other towns and places,Neutral,1,1,1,1,1,1,1,1,0
878,1,other towns and places,Neutral,1,1,1,1,1,1,1,1,0
879,1,other towns and places,Slightly Negative,1,1,1,1,1,1,1,1,0
880,1,other towns and places,Slightly Positive,1,1,1,1,1,1,1,1,0
881,0,east midland,Neutral,1,1,1,1,1,1,1,1,0
882,1,other towns and places,Slightly Negative,1,1,1,1,1,1,1,1,0
883,1,other towns and places,Slightly Positive,1,1,1,1,1,1,1,1,0
884,0,other towns and places,Neutral,1,1,1,1,1,1,1,1,0
885,0,other towns and places,Slightly Negative,1,1,1,1,1,1,1,1,0
886,1,london,Neutral,1,1,1,1,1,1,1,1,0
887,1,other towns and places,Neutral,1,1,1,1,1,1,1,1,0
888,1,other towns and places,Extremely Positive,1,1,1,1,1,1,1,1,0
889,1,east midland,Slightly Positive,1,1,1,1,1,1,1,1,0
890,0,london,Slightly Negative,1,1,1,1,1,1,1,1,0
891,1,yorkshire,Slightly Negative,1,1,1,1,1,1,1,1,0
892,1,other towns and places,Neutral,1,1,1,1,1,1,1,1,0
893,1,london,Neutral,1,1,1,1,1,1,1,1,0
894,1,other towns and places,Neutral,1,1,1,1,1,1,1,1,0
895,1,northwest,Slightly Negative,1,1,1,1,1,1,1,1,0
896,1,other towns and places,Neutral,1,1,1,1,1,1,1,1,0
897,1,other towns and places,Neutral,1,1,1,1,1,1,1,1,0
898,1,other towns and places,Extremely Negative,1,1,1,1,1,1,1,1,0
899,1,yorkshire,Slightly Negative,1,1,1,1,1,1,1,1,0
900,1,northwest,Slightly Positive,1,1,1,1,1,1,1,1,0
901,1,other towns and places,Neutral,1,1,1,1,1,1,1,1,0
902,1,other towns and places,Neutral,1,1,1,1,1,1,1,1,0
903,1,northern ireland,Slightly Negative,1,1,1,1,1,1,1,1,0
904,1,southeast,Neutral,1,1,1,1,1,1,1,1,0
905,1,other towns and places,Neutral,1,1,1,1,1,1,1,1,0
906,0,east midland,Neutral,1,1,1,1,1,1,1,1,0
907,1,other towns and places,Neutral,1,1,1,1,1,1,1,1,0
908,1,west midland,Slightly Negative,1,1,1,1,1,1,1,1,0
909,1,other towns and places,Slightly Negative,1,1,1,1,1,1,1,1,0
910,1,other towns and places,Neutral,1,1,1,1,1,1,1,1,0
911,1,other towns and places,Neutral,1,1,1,1,1,1,1,1,0
912,1,yorkshire,Slightly Positive,1,1,1,1,1,1,1,1,0
913,1,other towns and places,Slightly Positive,1,1,1,1,1,1,1,1,0
914,1,london,Neutral,1,1,1,1,1,1,1,1,0
915,1,other towns and places,Neutral,1,1,1,1,1,1,1,1,0
916,0,other towns and places,Slightly Positive,1,1,1,1,1,1,1,1,0
917,1,east midland,Neutral,1,1,1,1,1,1,1,1,0
918,1,other towns and places,Slightly Negative,1,1,1,1,1,1,1,1,0
919,1,other towns and places,Extremely Positive,1,1,1,1,1,1,1,1,0
920,1,other towns and places,Slightly Positive,1,1,1,1,1,1,1,1,0
921,1,yorkshire,Slightly Positive,1,1,1,1,1,1,1,1,0
922,0,other towns and places,Slightly Positive,1,1,1,1,1,1,1,1,0
923,1,other towns and places,Slightly Positive,1,1,1,1,1,1,1,1,0
924,1,other towns and places,Extremely Positive,1,1,1,1,1,1,1,1,0
925,1,northwest,Slightly Negative,1,1,1,1,1,1,1,1,0
926,1,wales,Slightly Negative,1,1,1,1,1,1,1,1,0
927,1,wales,Slightly Positive,1,1,1,1,1,1,1,1,0
928,1,northeast,Neutral,1,1,1,1,1,1,1,1,0
929,1,london,Neutral,1,1,1,1,1,1,1,1,0
930,0,yorkshire,Slightly Negative,1,1,1,1,1,1,1,1,0
931,1,other towns and places,Neutral,1,1,1,1,1,1,1,1,0
932,1,west midland,Slightly Positive,1,1,1,1,1,1,1,1,0
933,1,glasgow,Extremely Positive,1,1,1,1,1,1,1,1,0
934,1,other towns and places,Slightly Positive,1,1,1,1,1,1,1,1,0
935,1,other towns and places,Slightly Positive,1,1,1,1,1,1,1,1,0
936,1,other towns and places,Slightly Positive,1,1,1,1,1,1,1,1,0
937,1,other towns and places,Slightly Positive,1,1,1,1,1,1,1,1,0
938,1,other towns and places,Neutral,1,1,1,1,1,1,1,1,0
939,1,other towns and places,Slightly Negative,1,1,1,1,1,1,1,1,0
940,1,london,Neutral,1,1,1,1,1,1,1,1,0
941,0,other towns and places,Slightly Negative,1,1,1,1,1,1,1,1,0
942,0,other towns and places,Slightly Positive,1,1,1,1,1,1,1,1,0
943,0,other towns and places,Neutral,1,1,1,1,1,1,1,1,0
944,1,other towns and places,Slightly Positive,1,1,1,1,1,1,1,1,0
945,1,yorkshire,Slightly Negative,1,1,1,1,1,1,1,1,0
946,1,other towns and places,Neutral,1,1,1,1,1,1,1,1,0
947,1,other towns and places,Neutral,1,1,1,1,1,1,1,1,0
948,0,other towns and places,Slightly Positive,1,1,1,1,1,1,1,1,0
949,1,other towns and places,Slightly Positive,1,1,1,1,1,1,1,1,0
950,1,other towns and places,Slightly Positive,1,1,1,1,1,1,1,1,0
951,1,london,Neutral,1,1,1,1,1,1,1,1,0
952,0,west midland,Slightly Positive,1,1,1,1,1,1,1,1,0
953,1,other towns and places,Slightly Negative,1,1,1,1,1,1,1,1,0
954,1,other towns and places,Neutral,1,1,1,1,1,1,1,1,0
955,1,other towns and places,Neutral,1,1,1,1,1,1,1,1,0
956,1,northwest,Slightly Positive,1,1,1,1,1,1,1,1,0
957,0,west midland,Neutral,1,1,1,1,1,1,1,1,0
958,0,other towns and places,Extremely Negative,1,1,1,1,1,1,1,1,0
959,1,other towns and places,Neutral,1,1,1,1,1,1,1,1,0
960,1,other towns and places,Neutral,1,1,1,1,1,1,1,1,0
961,1,other towns and places,Slightly Negative,1,1,1,1,1,1,1,1,0
962,1,northwest,Slightly Positive,1,1,1,1,1,1,1,1,0
963,1,other towns and places,Slightly Negative,1,1,1,1,1,1,1,1,0
964,0,other towns and places,Slightly Negative,1,1,1,1,1,1,1,1,0
965,1,other towns and places,Neutral,1,1,1,1,1,1,1,1,0
966,1,other towns and places,Extremely Negative,1,1,1,1,1,1,1,1,0
967,1,other towns and places,Slightly Positive,1,1,1,1,1,1,1,1,0
968,1,yorkshire,Neutral,1,1,1,1,1,1,1,1,0
969,0,other towns and places,Slightly Positive,1,1,1,1,1,1,1,1,0
970,1,london,Slightly Negative,1,1,1,1,1,1,1,1,0
971,1,east midland,Neutral,1,1,1,1,1,1,1,1,0
972,0,other towns and places,Neutral,1,1,1,1,1,1,1,1,0
973,0,other towns and places,Neutral,1,1,1,1,1,1,1,1,0
974,1,other towns and places,Slightly Positive,1,1,1,1,1,1,1,1,0
975,0,wales,Neutral,1,1,1,1,1,1,1,1,0
976,1,other towns and places,Slightly Positive,1,1,1,1,1,1,1,1,0
977,1,east midland,Neutral,1,1,1,1,1,1,1,1,0
978,1,london,Slightly Positive,1,1,1,1,1,1,1,1,0
979,1,other towns and places,Slightly Negative,1,1,1,1,1,1,1,1,0
980,1,southwest,Slightly Negative,1,1,1,1,1,1,1,1,0
981,1,other towns and places,Neutral,1,1,1,1,1,1,1,1,0
982,1,northwest,Neutral,1,1,1,1,1,1,1,1,0
983,0,east midland,Slightly Positive,1,1,1,1,1,1,1,1,0
984,1,other towns and places,Slightly Positive,1,1,1,1,1,1,1,1,0
985,1,southeast,Slightly Negative,1,1,1,1,1,1,1,1,0
986,1,other towns and places,Slightly Negative,1,1,1,1,1,1,1,1,0
987,1,other towns and places,Neutral,1,1,1,1,1,1,1,1,0
988,1,other towns and places,Slightly Positive,1,1,1,1,1,1,1,1,0
989,1,london,Slightly Positive,1,1,1,1,1,1,1,1,0
990,1,other towns and places,Neutral,1,1,1,1,1,1,1,1,0
991,0,other towns and places,Slightly Negative,1,1,1,1,1,1,1,1,0
992,0,east midland,Extremely Positive,1,1,1,1,1,1,1,1,0
993,1,southwest,Neutral,1,1,1,1,1,1,1,1,0
994,1,west midland,Slightly Negative,1,1,1,1,1,1,1,1,0
995,0,scotland,Neutral,1,1,1,1,1,1,1,1,0
996,1,yorkshire,Neutral,1,1,1,1,1,1,1,1,0
997,0,other towns and places,Slightly Positive,1,1,1,1,1,1,1,1,0
998,1,other towns and places,Neutral,1,1,1,1,1,1,1,1,0
999,0,northern ireland,Neutral,1,1,1,1,1,1,1,1,0
1000,1,london,Slightly Negative,1,1,1,1,1,1,1,1,0
1001,1,other towns and places,Slightly Negative,1,1,1,1,1,1,1,1,0
1002,0,west midland,Slightly Positive,1,1,1,1,1,1,1,1,0
1003,0,southeast,Extremely Positive,1,1,1,1,1,1,1,1,0
1004,1,other towns and places,Neutral,1,1,1,1,1,1,1,1,0
1005,1,southwest,Slightly Negative,1,1,1,1,1,1,1,1,0
1006,1,other towns and places,Slightly Negative,1,1,1,1,1,1,1,1,0
1007,0,southeast,Neutral,1,1,1,1,1,1,1,1,0
1008,1,london,Slightly Negative,1,1,1,1,1,1,1,1,0
1009,1,other towns and places,Slightly Negative,1,1,1,1,1,1,1,1,0
1010,1,northern ireland,Slightly Positive,1,1,1,1,1,1,1,1,0
1011,1,warrington,Slightly Positive,1,1,1,1,1,1,1,1,0
1012,1,yorkshire,Neutral,1,1,1,1,1,1,1,1,0
1013,0,southwest,Slightly Positive,1,1,1,1,1,1,1,1,0
1014,1,east midland,Slightly Positive,1,1,1,1,1,1,1,1,0
1015,1,other towns and places,Slightly Positive,1,1,1,1,1,1,1,1,0
1016,1,northwest,Slightly Negative,1,1,1,1,1,1,1,1,0
1017,1,northwest,Neutral,1,1,1,1,1,1,1,1,0
1018,1,wales,Slightly Positive,1,1,1,1,1,1,1,1,0
1019,0,other towns and places,Neutral,1,1,1,1,1,1,1,1,0
1020,1,other towns and places,Slightly Positive,1,1,1,1,1,1,1,1,0
1021,1,other towns and places,Neutral,1,1,1,1,1,1,1,1,0
1022,0,other towns and places,Slightly Negative,1,1,1,1,1,1,1,1,0
1023,1,huddersfield,Slightly Negative,1,1,1,1,1,1,1,1,0
1024,1,other towns and places,Neutral,1,1,1,1,1,1,1,1,0
1025,1,other towns and places,Extremely Negative,1,1,1,1,1,1,1,1,0
1026,1,yorkshire,Neutral,1,1,1,1,1,1,1,1,0
1027,1,other towns and places,Slightly Positive,1,1,1,1,1,1,1,1,0
1028,1,other towns and places,Slightly Negative,1,1,1,1,1,1,1,1,0
1029,1,scotland,Slightly Positive,1,1,1,1,1,1,1,1,0
1030,1,scotland,Slightly Positive,1,1,1,1,1,1,1,1,0
1031,1,other towns and places,Slightly Positive,1,1,1,1,1,1,1,1,0
1032,1,other towns and places,Neutral,1,1,1,1,1,1,1,1,0
1033,0,other towns and places,Slightly Negative,1,1,1,1,1,1,1,1,0
1034,1,london,Neutral,1,1,1,1,1,1,1,1,0
1035,1,other towns and places,Slightly Positive,1,1,1,1,1,1,1,1,0
1036,1,other towns and places,Neutral,1,1,1,1,1,1,1,1,0
1037,1,other towns and places,Neutral,1,1,1,1,1,1,1,1,0
1038,1,other towns and places,Neutral,1,1,1,1,1,1,1,1,0
1039,1,london,Extremely Positive,1,1,1,1,1,1,1,1,0
1040,1,other towns and places,Neutral,1,1,1,1,1,1,1,1,0
1041,1,other towns and places,Slightly Negative,1,1,1,1,1,1,1,1,0
1042,1,other towns and places,Neutral,1,1,1,1,1,1,1,1,0
1043,1,other towns and places,Neutral,1,1,1,1,1,1,1,1,0
1044,1,other towns and places,Slightly Positive,1,1,1,1,1,1,1,1,0
1045,1,east midland,Extremely Positive,1,1,1,1,1,1,1,1,0
1046,1,other towns and places,Neutral,1,1,1,1,1,1,1,1,0
1047,1,other towns and places,Slightly Negative,1,1,1,1,1,1,1,1,0
1048,1,london,Neutral,1,1,1,1,1,1,1,1,0
1049,1,east midland,Slightly Positive,1,1,1,1,1,1,1,1,0
1050,0,other towns and places,Slightly Negative,1,1,1,1,1,1,1,1,0
1051,1,london,Slightly Positive,1,1,1,1,1,1,1,1,0
1052,1,other towns and places,Neutral,1,1,1,1,1,1,1,1,0
1053,0,southeast,Slightly Positive,1,1,1,1,1,1,1,1,0
1054,1,yorkshire,Neutral,1,1,1,1,1,1,1,1,0
1055,0,other towns and places,Slightly Negative,1,1,1,1,1,1,1,1,0
1056,1,other towns and places,Neutral,1,1,1,1,1,1,1,1,0
1057,1,other towns and places,Slightly Negative,1,1,1,1,1,1,1,1,0
1058,1,scotland,Slightly Positive,1,1,1,1,1,1,1,1,0
1059,1,other towns and places,Neutral,1,1,1,1,1,1,1,1,0
1060,1,yorkshire,Slightly Negative,1,1,1,1,1,1,1,1,0
1061,1,other towns and places,Slightly Positive,1,1,1,1,1,1,1,1,0
1062,1,other towns and places,Slightly Negative,1,1,1,1,1,1,1,1,0
1063,1,other towns and places,Neutral,1,1,1,1,1,1,1,1,0
1064,1,london,Neutral,1,1,1,1,1,1,1,1,0
1065,1,east midland,Neutral,1,1,1,1,1,1,1,1,0
1066,1,southwest,Extremely Negative,1,1,1,1,1,1,1,1,0
1067,1,northampton,Extremely Positive,1,1,1,1,1,1,1,1,0
1068,1,other towns and places,Slightly Positive,1,1,1,1,1,1,1,1,0
1069,1,other towns and places,Neutral,1,1,1,1,1,1,1,1,0
1070,1,west midland,Slightly Negative,1,1,1,1,1,1,1,1,0
1071,0,other towns and places,Extremely Negative,1,1,1,1,1,1,1,1,0
1072,1,yorkshire,Neutral,1,1,1,1,1,1,1,1,0
1073,1,other towns and places,Neutral,1,1,1,1,1,1,1,1,0
1074,1,yorkshire,Slightly Negative,1,1,1,1,1,1,1,1,0
1075,1,northwest,Slightly Positive,1,1,1,1,1,1,1,1,0
1076,1,southeast,Slightly Negative,1,1,1,1,1,1,1,1,0
1077,1,london,Slightly Negative,1,1,1,1,1,1,1,1,0
1078,0,other towns and places,Slightly Positive,1,1,1,1,1,1,1,1,0
1079,0,east midland,Neutral,1,1,1,1,1,1,1,1,0
1080,1,other towns and places,Slightly Negative,1,1,1,1,1,1,1,1,0
1081,1,southeast,Neutral,1,1,1,1,1,1,1,1,0
1082,1,northern ireland,Slightly Negative,1,1,1,1,1,1,1,1,0
1083,1,other towns and places,Neutral,1,1,1,1,1,1,1,1,0
1084,1,london,Neutral,1,1,1,1,1,1,1,1,0
1085,1,other towns and places,Extremely Positive,1,1,1,1,1,1,1,1,0
1086,1,east midland,Slightly Positive,1,1,1,1,1,1,1,1,0
1087,0,other towns and places,Slightly Positive,1,1,1,1,1,1,1,1,0
1088,1,other towns and places,Slightly Positive,1,1,1,1,1,1,1,1,0
1089,1,other towns and places,Slightly Positive,1,1,1,1,1,1,1,1,0
1090,0,other towns and places,Slightly Negative,1,1,1,1,1,1,1,1,0
1091,0,london,Neutral,1,1,1,1,1,1,1,1,0
1092,0,other towns and places,Neutral,1,1,1,1,1,1,1,1,0
1093,1,scotland,Extremely Negative,1,1,1,1,1,1,1,1,0
1094,1,yorkshire,Slightly Positive,1,1,1,1,1,1,1,1,0
1095,1,other towns and places,Neutral,1,1,1,1,1,1,1,1,0
1096,1,other towns and places,Neutral,1,1,1,1,1,1,1,1,0
1097,0,northern ireland,Slightly Negative,1,1,1,1,1,1,1,1,0
1098,1,other towns and places,Slightly Positive,1,1,1,1,1,1,1,1,0
1099,1,west midland,Slightly Positive,1,1,1,1,1,1,1,1,0
1100,1,other towns and places,Slightly Negative,1,1,1,1,1,1,1,1,0
1101,0,yorkshire,Slightly Positive,1,1,1,1,1,1,1,1,0
1102,1,other towns and places,Extremely Positive,1,1,1,1,1,1,1,1,0
1103,1,london,Neutral,1,1,1,1,1,1,1,1,0
1104,1,other towns and places,Slightly Negative,1,1,1,1,1,1,1,1,0
1105,0,other towns and places,Slightly Positive,1,1,1,1,1,1,1,1,0
1106,0,other towns and places,Slightly Positive,1,1,1,1,1,1,1,1,0
1107,1,other towns and places,Neutral,1,1,1,1,1,1,1,1,0
1108,1,other towns and places,Neutral,1,1,1,1,1,1,1,1,0
1109,1,yorkshire,Neutral,1,1,1,1,1,1,1,1,0
1110,1,northwest,Neutral,1,1,1,1,1,1,1,1,0
1111,0,other towns and places,Slightly Negative,1,1,1,1,1,1,1,1,0
1112,1,southeast,Extremely Positive,1,1,1,1,1,1,1,1,0
1113,1,other towns and places,Slightly Positive,1,1,1,1,1,1,1,1,0
1114,1,other towns and places,Slightly Positive,1,1,1,1,1,1,1,1,0
1115,1,northwest,Slightly Positive,1,1,1,1,1,1,1,1,0
1116,1,kingston,Extremely Positive,1,1,1,1,1,1,1,1,0
1117,1,yorkshire,Neutral,1,1,1,1,1,1,1,1,0
1118,1,southend-on-sea,Neutral,1,1,1,1,1,1,1,1,0
1119,1,northwest,Neutral,1,1,1,1,1,1,1,1,0
1120,1,other towns and places,Slightly Negative,1,1,1,1,1,1,1,1,0
1121,1,yorkshire,Neutral,1,1,1,1,1,1,1,1,0
1122,1,other towns and places,Neutral,1,1,1,1,1,1,1,1,0
1123,1,other towns and places,Neutral,1,1,1,1,1,1,1,1,0
1124,1,west midland,Slightly Positive,1,1,1,1,1,1,1,1,0
1125,1,london,Slightly Negative,1,1,1,1,1,1,1,1,0
1126,1,other towns and places,Slightly Negative,1,1,1,1,1,1,1,1,0
1127,1,london,Slightly Negative,1,1,1,1,1,1,1,1,0
1128,1,northwest,Slightly Positive,1,1,1,1,1,1,1,1,0
1129,1,other towns and places,Neutral,1,1,1,1,1,1,1,1,0
1130,1,scotland,Extremely Positive,1,1,1,1,1,1,1,1,0
1131,1,other towns and places,Slightly Negative,1,1,1,1,1,1,1,1,0
1132,1,other towns and places,Extremely Positive,1,1,1,1,1,1,1,1,0
1133,0,other towns and places,Slightly Negative,1,1,1,1,1,1,1,1,0
1134,1,other towns and places,Slightly Negative,1,1,1,1,1,1,1,1,0
1135,0,london,Neutral,1,1,1,1,1,1,1,1,0
1136,1,other towns and places,Slightly Negative,1,1,1,1,1,1,1,1,0
1137,1,other towns and places,Slightly Positive,1,1,1,1,1,1,1,1,0
1138,1,northwest,Neutral,1,1,1,1,1,1,1,1,0
1139,1,london,Neutral,1,1,1,1,1,1,1,1,0
1140,1,other towns and places,Neutral,1,1,1,1,1,1,1,1,0
1141,0,southeast,Neutral,1,1,1,1,1,1,1,1,0
1142,1,northern ireland,Neutral,1,1,1,1,1,1,1,1,0
1143,1,other towns and places,Neutral,1,1,1,1,1,1,1,1,0
1144,1,other towns and places,Extremely Positive,1,1,1,1,1,1,1,1,0
1145,1,other towns and places,Neutral,1,1,1,1,1,1,1,1,0
1146,1,other towns and places,Neutral,1,1,1,1,1,1,1,1,0
1147,1,other towns and places,Neutral,1,1,1,1,1,1,1,1,0
1148,0,london,Slightly Positive,1,1,1,1,1,1,1,1,0
1149,0,southeast,Slightly Negative,1,1,1,1,1,1,1,1,0
1150,1,other towns and places,Neutral,1,1,1,1,1,1,1,1,0
1151,1,other towns and places,Slightly Negative,1,1,1,1,1,1,1,1,0
1152,1,other towns and places,Neutral,1,1,1,1,1,1,1,1,0
1153,1,southeast,Slightly Positive,1,1,1,1,1,1,1,1,0
1154,1,other towns and places,Extremely Positive,1,1,1,1,1,1,1,1,0
1155,0,london,Slightly Negative,1,1,1,1,1,1,1,1,0
1156,0,london,Neutral,1,1,1,1,1,1,1,1,0
1157,1,other towns and places,Slightly Positive,1,1,1,1,1,1,1,1,0
1158,1,southwest,Slightly Negative,1,1,1,1,1,1,1,1,0
1159,1,west midland,Slightly Positive,1,1,1,1,1,1,1,1,0
1160,1,other towns and places,Neutral,1,1,1,1,1,1,1,1,0
1161,1,london,Slightly Positive,1,1,1,1,1,1,1,1,0
1162,1,other towns and places,Neutral,1,1,1,1,1,1,1,1,0
1163,0,other towns and places,Slightly Positive,1,1,1,1,1,1,1,1,0
1164,0,other towns and places,Neutral,1,1,1,1,1,1,1,1,0
1165,0,scotland,Neutral,1,1,1,1,1,1,1,1,0
1166,1,other towns and places,Slightly Negative,1,1,1,1,1,1,1,1,0
1167,0,other towns and places,Slightly Negative,1,1,1,1,1,1,1,1,0
1168,1,other towns and places,Slightly Positive,1,1,1,1,1,1,1,1,0
1169,0,other towns and places,Neutral,1,1,1,1,1,1,1,1,0
1170,1,southeast,Slightly Negative,1,1,1,1,1,1,1,1,0
1171,1,other towns and places,Slightly Positive,1,1,1,1,1,1,1,1,0
1172,1,other towns and places,Slightly Negative,1,1,1,1,1,1,1,1,0
1173,1,northeast,Slightly Negative,1,1,1,1,1,1,1,1,0
1174,1,scotland,Slightly Negative,1,1,1,1,1,1,1,1,0
1175,0,other towns and places,Slightly Positive,1,1,1,1,1,1,1,1,0
1176,1,scotland,Neutral,1,1,1,1,1,1,1,1,0
1177,0,east midland,Neutral,1,1,1,1,1,1,1,1,0
1178,0,northwest,Neutral,1,1,1,1,1,1,1,1,0
1179,1,other towns and places,Slightly Negative,1,1,1,1,1,1,1,1,0
1180,1,other towns and places,Slightly Positive,1,1,1,1,1,1,1,1,0
1181,1,other towns and places,Slightly Positive,1,1,1,1,1,1,1,1,0
1182,1,other towns and places,Slightly Negative,1,1,1,1,1,1,1,1,0
1183,0,other towns and places,Slightly Negative,1,1,1,1,1,1,1,1,0
1184,1,southeast,Slightly Negative,1,1,1,1,1,1,1,1,0
1185,1,scotland,Slightly Negative,1,1,1,1,1,1,1,1,0
1186,0,other towns and places,Extremely Positive,1,1,1,1,1,1,1,1,0
1187,1,other towns and places,Neutral,1,1,1,1,1,1,1,1,0
1188,0,other towns and places,Neutral,1,1,1,1,1,1,1,1,0
1189,1,northwest,Extremely Positive,1,1,1,1,1,1,1,1,0
1190,1,other towns and places,Extremely Positive,1,1,1,1,1,1,1,1,0
1191,0,other towns and places,Neutral,1,1,1,1,1,1,1,1,0
1192,1,london,Extremely Positive,1,1,1,1,1,1,1,1,0
1193,1,yorkshire,Neutral,1,1,1,1,1,1,1,1,0
1194,1,other towns and places,Slightly Negative,1,1,1,1,1,1,1,1,0
1195,0,other towns and places,Slightly Negative,1,1,1,1,1,1,1,1,0
1196,1,london,Neutral,1,1,1,1,1,1,1,1,0
1197,1,southwest,Neutral,1,1,1,1,1,1,1,1,0
1198,1,london,Slightly Positive,1,1,1,1,1,1,1,1,0
1199,1,yorkshire,Neutral,1,1,1,1,1,1,1,1,0
1200,1,other towns and places,Slightly Negative,1,1,1,1,1,1,1,1,0
1201,1,other towns and places,Neutral,1,1,1,1,1,1,1,1,0
1202,1,scotland,Slightly Positive,1,1,1,1,1,1,1,1,0
1203,1,other towns and places,Neutral,1,1,1,1,1,1,1,1,0
1204,1,other towns and places,Slightly Positive,1,1,1,1,1,1,1,1,0
1205,1,other towns and places,Neutral,1,1,1,1,1,1,1,1,0
1206,1,other towns and places,Slightly Positive,1,1,1,1,1,1,1,1,0
1207,1,other towns and places,Neutral,1,1,1,1,1,1,1,1,0
1208,1,other towns and places,Neutral,1,1,1,1,1,1,1,1,0
1209,1,other towns and places,Neutral,1,1,1,1,1,1,1,1,0
1210,1,southwest,Neutral,1,1,1,1,1,1,1,1,0
1211,1,london,Slightly Negative,1,1,1,1,1,1,1,1,0
1212,1,scotland,Neutral,1,1,1,1,1,1,1,1,0
1213,0,other towns and places,Neutral,1,1,1,1,1,1,1,1,0
1214,1,other towns and places,Slightly Positive,1,1,1,1,1,1,1,1,0
1215,1,yorkshire,Extremely Positive,1,1,1,1,1,1,1,1,0
1216,1,london,Slightly Positive,1,1,1,1,1,1,1,1,0
1217,0,other towns and places,Neutral,1,1,1,1,1,1,1,1,0
1218,1,london,Slightly Negative,1,1,1,1,1,1,1,1,0
1219,1,west midland,Slightly Negative,1,1,1,1,1,1,1,1,0
1220,1,other towns and places,Neutral,1,1,1,1,1,1,1,1,0
1221,1,southeast,Neutral,1,1,1,1,1,1,1,1,0
1222,1,other towns and places,Neutral,1,1,1,1,1,1,1,1,0
1223,1,southeast,Slightly Positive,1,1,1,1,1,1,1,1,0
1224,0,london,Slightly Positive,1,1,1,1,1,1,1,1,0
1225,0,northeast,Neutral,1,1,1,1,1,1,1,1,0
1226,1,yorkshire,Slightly Negative,1,1,1,1,1,1,1,1,0
1227,0,other towns and places,Neutral,1,1,1,1,1,1,1,1,0
1228,1,london,Extremely Positive,1,1,1,1,1,1,1,1,0
1229,0,northwest,Slightly Positive,1,1,1,1,1,1,1,1,0
1230,1,other towns and places,Neutral,1,1,1,1,1,1,1,1,0
1231,1,northwest,Slightly Negative,1,1,1,1,1,1,1,1,0
1232,1,other towns and places,Neutral,1,1,1,1,1,1,1,1,0
1233,1,southwest,Neutral,1,1,1,1,1,1,1,1,0
1234,0,other towns and places,Neutral,1,1,1,1,1,1,1,1,0
1235,1,southeast,Neutral,1,1,1,1,1,1,1,1,0
1236,1,yorkshire,Neutral,1,1,1,1,1,1,1,1,0
1237,1,southeast,Slightly Positive,1,1,1,1,1,1,1,1,0
1238,1,london,Slightly Negative,1,1,1,1,1,1,1,1,0
1239,1,london,Neutral,1,1,1,1,1,1,1,1,0
1240,1,london,Neutral,1,1,1,1,1,1,1,1,0
1241,1,other towns and places,Neutral,1,1,1,1,1,1,1,1,0
1242,1,other towns and places,Slightly Positive,1,1,1,1,1,1,1,1,0
1243,1,northwest,Neutral,1,1,1,1,1,1,1,1,0
1244,1,london,Neutral,1,1,1,1,1,1,1,1,0
1245,1,london,Slightly Negative,1,1,1,1,1,1,1,1,0
1246,1,other towns and places,Slightly Negative,1,1,1,1,1,1,1,1,0
1247,1,other towns and places,Slightly Negative,1,1,1,1,1,1,1,1,0
1248,1,other towns and places,Neutral,1,1,1,1,1,1,1,1,0
1249,1,other towns and places,Extremely Positive,1,1,1,1,1,1,1,1,0
1250,0,other towns and places,Slightly Negative,1,1,1,1,1,1,1,1,0
1251,1,other towns and places,Slightly Positive,1,1,1,1,1,1,1,1,0
1252,1,london,Slightly Negative,1,1,1,1,1,1,1,1,0
1253,1,other towns and places,Neutral,1,1,1,1,1,1,1,1,0
1254,1,other towns and places,Slightly Positive,1,1,1,1,1,1,1,1,0
1255,1,london,Extremely Negative,1,1,1,1,1,1,1,1,0
1256,1,other towns and places,Slightly Positive,1,1,1,1,1,1,1,1,0
1257,1,other towns and places,Slightly Negative,1,1,1,1,1,1,1,1,0
1258,1,other towns and places,Slightly Positive,1,1,1,1,1,1,1,1,0
1259,1,southeast,Extremely Positive,1,1,1,1,1,1,1,1,0
1260,1,other towns and places,Neutral,1,1,1,1,1,1,1,1,0
1261,1,other towns and places,Slightly Positive,1,1,1,1,1,1,1,1,0
1262,1,other towns and places,Slightly Positive,1,1,1,1,1,1,1,1,0
1263,1,other towns and places,Slightly Negative,1,1,1,1,1,1,1,1,0
1264,1,northampton,Slightly Positive,1,1,1,1,1,1,1,1,0
1265,1,other towns and places,Neutral,1,1,1,1,1,1,1,1,0
1266,1,other towns and places,Neutral,1,1,1,1,1,1,1,1,0
1267,1,other towns and places,Neutral,1,1,1,1,1,1,1,1,0
1268,0,other towns and places,Slightly Positive,1,1,1,1,1,1,1,1,0
1269,0,northern ireland,Slightly Positive,1,1,1,1,1,1,1,1,0
1270,0,southwest,Neutral,1,1,1,1,1,1,1,1,0
1271,0,yorkshire,Extremely Positive,1,1,1,1,1,1,1,1,0
1272,1,other towns and places,Slightly Positive,1,1,1,1,1,1,1,1,0
1273,1,southwest,Slightly Negative,1,1,1,1,1,1,1,1,0
1274,1,west midland,Neutral,1,1,1,1,1,1,1,1,0
1275,1,other towns and places,Slightly Negative,1,1,1,1,1,1,1,1,0
1276,1,other towns and places,Neutral,1,1,1,1,1,1,1,1,0
1277,1,other towns and places,Slightly Positive,1,1,1,1,1,1,1,1,0
1278,0,scotland,Neutral,1,1,1,1,1,1,1,1,0
1279,1,east midland,Slightly Negative,1,1,1,1,1,1,1,1,0
1280,1,other towns and places,Slightly Positive,1,1,1,1,1,1,1,1,0
1281,1,other towns and places,Slightly Negative,1,1,1,1,1,1,1,1,0
1282,1,yorkshire,Slightly Positive,1,1,1,1,1,1,1,1,0
1283,1,other towns and places,Neutral,1,1,1,1,1,1,1,1,0
1284,0,other towns and places,Neutral,1,1,1,1,1,1,1,1,0
1285,1,other towns and places,Slightly Positive,1,1,1,1,1,1,1,1,0
1286,1,west midland,Slightly Negative,1,1,1,1,1,1,1,1,0
1287,1,east midland,Slightly Negative,1,1,1,1,1,1,1,1,0
1288,1,newcastle,Neutral,1,1,1,1,1,1,1,1,0
1289,1,other towns and places,Slightly Positive,1,1,1,1,1,1,1,1,0
1290,1,other towns and places,Slightly Positive,1,1,1,1,1,1,1,1,0
1291,0,northwest,Slightly Positive,1,1,1,1,1,1,1,1,0
1292,1,newcastle,Neutral,1,1,1,1,1,1,1,1,0
1293,1,other towns and places,Extremely Positive,1,1,1,1,1,1,1,1,0
1294,1,other towns and places,Slightly Positive,1,1,1,1,1,1,1,1,0
1295,1,other towns and places,Slightly Negative,1,1,1,1,1,1,1,1,0
1296,1,other towns and places,Neutral,1,1,1,1,1,1,1,1,0
1297,1,southeast,Neutral,1,1,1,1,1,1,1,1,0
1298,1,other towns and places,Extremely Positive,1,1,1,1,1,1,1,1,0
1299,1,other towns and places,Slightly Negative,1,1,1,1,1,1,1,1,0
1300,1,other towns and places,Neutral,1,1,1,1,1,1,1,1,0
1301,0,other towns and places,Neutral,1,1,1,1,1,1,1,1,0
1302,1,scotland,Slightly Positive,1,1,1,1,1,1,1,1,0
1303,0,southwest,Slightly Positive,1,1,1,1,1,1,1,1,0
1304,1,southeast,Neutral,1,1,1,1,1,1,1,1,0
1305,1,other towns and places,Neutral,1,1,1,1,1,1,1,1,0
1306,1,other towns and places,Slightly Positive,1,1,1,1,1,1,1,1,0
1307,1,northwest,Neutral,1,1,1,1,1,1,1,1,0
1308,1,other towns and places,Slightly Positive,1,1,1,1,1,1,1,1,0
1309,0,other towns and places,Neutral,1,1,1,1,1,1,1,1,0
1310,0,other towns and places,Neutral,1,1,1,1,1,1,1,1,0
1311,0,wales,Slightly Positive,1,1,1,1,1,1,1,1,0
1312,1,other towns and places,Neutral,1,1,1,1,1,1,1,1,0
1313,1,other towns and places,Slightly Positive,1,1,1,1,1,1,1,1,0
1314,1,london,Neutral,1,1,1,1,1,1,1,1,0
1315,1,other towns and places,Slightly Negative,1,1,1,1,1,1,1,1,0
1316,1,other towns and places,Slightly Negative,1,1,1,1,1,1,1,1,0
1317,1,london,Neutral,1,1,1,1,1,1,1,1,0
1318,0,london,Neutral,1,1,1,1,1,1,1,1,0
1319,1,northampton,Neutral,1,1,1,1,1,1,1,1,0
1320,1,other towns and places,Neutral,1,1,1,1,1,1,1,1,0
1321,1,other towns and places,Extremely Negative,1,1,1,1,1,1,1,1,0
1322,1,other towns and places,Slightly Positive,1,1,1,1,1,1,1,1,0
1323,1,london,Neutral,1,1,1,1,1,1,1,1,0
1324,1,london,Neutral,1,1,1,1,1,1,1,1,0
1325,1,other towns and places,Neutral,1,1,1,1,1,1,1,1,0
1326,0,other towns and places,Slightly Positive,1,1,1,1,1,1,1,1,0
1327,1,other towns and places,Slightly Positive,1,1,1,1,1,1,1,1,0
1328,0,other towns and places,Slightly Negative,1,1,1,1,1,1,1,1,0
1329,0,west midland,Neutral,1,1,1,1,1,1,1,1,0
1330,1,scotland,Neutral,1,1,1,1,1,1,1,1,0
1331,0,west midland,Slightly Positive,1,1,1,1,1,1,1,1,0
1332,1,west midland,Neutral,1,1,1,1,1,1,1,1,0
1333,1,other towns and places,Neutral,1,1,1,1,1,1,1,1,0
1334,1,other towns and places,Slightly Positive,1,1,1,1,1,1,1,1,0
1335,1,other towns and places,Slightly Negative,1,1,1,1,1,1,1,1,0
1336,1,other towns and places,Slightly Negative,1,1,1,1,1,1,1,1,0
1337,1,other towns and places,Neutral,1,1,1,1,1,1,1,1,0
1338,1,east midland,Neutral,1,1,1,1,1,1,1,1,0
1339,1,wales,Slightly Positive,1,1,1,1,1,1,1,1,0
1340,1,northwest,Neutral,1,1,1,1,1,1,1,1,0
1341,1,other towns and places,Slightly Positive,1,1,1,1,1,1,1,1,0
1342,1,northwest,Extremely Positive,1,1,1,1,1,1,1,1,0
1343,0,southwest,Neutral,1,1,1,1,1,1,1,1,0
1344,1,other towns and places,Neutral,1,1,1,1,1,1,1,1,0
1345,0,london,Neutral,1,1,1,1,1,1,1,1,0
1346,1,northeast,Extremely Positive,1,1,1,1,1,1,1,1,0
1347,1,other towns and places,Slightly Negative,1,1,1,1,1,1,1,1,0
1348,1,southeast,Neutral,1,1,1,1,1,1,1,1,0
1349,1,other towns and places,Slightly Negative,1,1,1,1,1,1,1,1,0
1350,1,east midland,Slightly Negative,1,1,1,1,1,1,1,1,0
1351,1,other towns and places,Extremely Positive,1,1,1,1,1,1,1,1,0
1352,1,other towns and places,Slightly Negative,1,1,1,1,1,1,1,1,0
1353,1,wales,Slightly Negative,1,1,1,1,1,1,1,1,0
1354,1,other towns and places,Slightly Positive,1,1,1,1,1,1,1,1,0
1355,1,other towns and places,Neutral,1,1,1,1,1,1,1,1,0
1356,1,other towns and places,Neutral,1,1,1,1,1,1,1,1,0
1357,1,yorkshire,Neutral,1,1,1,1,1,1,1,1,0
1358,1,other towns and places,Neutral,1,1,1,1,1,1,1,1,0
1359,1,southwest,Slightly Positive,1,1,1,1,1,1,1,1,0
1360,1,southeast,Extremely Positive,1,1,1,1,1,1,1,1,0
1361,1,london,Neutral,1,1,1,1,1,1,1,1,0
1362,1,london,Neutral,1,1,1,1,1,1,1,1,0
1363,1,northeast,Extremely Positive,1,1,1,1,1,1,1,1,0
1364,0,london,Slightly Negative,1,1,1,1,1,1,1,1,0
1365,1,scotland,Slightly Positive,1,1,1,1,1,1,1,1,0
1366,1,london,Slightly Positive,1,1,1,1,1,1,1,1,0
1367,1,other towns and places,Neutral,1,1,1,1,1,1,1,1,0
1368,1,other towns and places,Neutral,1,1,1,1,1,1,1,1,0
1369,1,other towns and places,Slightly Negative,1,1,1,1,1,1,1,1,0
1370,1,other towns and places,Slightly Negative,1,1,1,1,1,1,1,1,0
1371,0,other towns and places,Extremely Negative,1,1,1,1,1,1,1,1,0
1372,1,wales,Slightly Negative,1,1,1,1,1,1,1,1,0
1373,1,southwest,Extremely Negative,1,1,1,1,1,1,1,1,0
1374,1,other towns and places,Slightly Positive,1,1,1,1,1,1,1,1,0
1375,0,southeast,Slightly Positive,1,1,1,1,1,1,1,1,0
1376,1,other towns and places,Extremely Positive,1,1,1,1,1,1,1,1,0
1377,1,other towns and places,Neutral,1,1,1,1,1,1,1,1,0
1378,1,northern ireland,Neutral,1,1,1,1,1,1,1,1,0
1379,1,scotland,Slightly Negative,1,1,1,1,1,1,1,1,0
1380,0,scotland,Slightly Negative,1,1,1,1,1,1,1,1,0
1381,1,southwest,Neutral,1,1,1,1,1,1,1,1,0
1382,1,other towns and places,Slightly Positive,1,1,1,1,1,1,1,1,0
1383,1,other towns and places,Slightly Negative,1,1,1,1,1,1,1,1,0
1384,1,other towns and places,Slightly Negative,1,1,1,1,1,1,1,1,0
1385,1,other towns and places,Extremely Positive,1,1,1,1,1,1,1,1,0
1386,0,other towns and places,Extremely Positive,1,1,1,1,1,1,1,1,0
1387,1,other towns and places,Neutral,1,1,1,1,1,1,1,1,0
1388,1,scotland,Extremely Positive,1,1,1,1,1,1,1,1,0
1389,0,yorkshire,Neutral,1,1,1,1,1,1,1,1,0
1390,1,southend-on-sea,Slightly Negative,1,1,1,1,1,1,1,1,0
1391,1,east midland,Extremely Positive,1,1,1,1,1,1,1,1,0
1392,0,london,Neutral,1,1,1,1,1,1,1,1,0
1393,1,scotland,Neutral,1,1,1,1,1,1,1,1,0
1394,1,other towns and places,Slightly Positive,1,1,1,1,1,1,1,1,0
1395,1,west midland,Slightly Positive,1,1,1,1,1,1,1,1,0
1396,1,london,Neutral,1,1,1,1,1,1,1,1,0
1397,1,east midland,Neutral,1,1,1,1,1,1,1,1,0
1398,1,east midland,Slightly Negative,1,1,1,1,1,1,1,1,0
1399,0,liverpool,Neutral,1,1,1,1,1,1,1,1,0
1400,0,london,Neutral,1,1,1,1,1,1,1,1,0
1401,1,other towns and places,Neutral,1,1,1,1,1,1,1,1,0
1402,1,london,Neutral,1,1,1,1,1,1,1,1,0
1403,1,other towns and places,Slightly Positive,1,1,1,1,1,1,1,1,0
1404,0,southwest,Neutral,1,1,1,1,1,1,1,1,0
1405,1,other towns and places,Extremely Positive,1,1,1,1,1,1,1,1,0
1406,1,other towns and places,Slightly Negative,1,1,1,1,1,1,1,1,0
1407,1,other towns and places,Slightly Positive,1,1,1,1,1,1,1,1,0
1408,1,yorkshire,Neutral,1,1,1,1,1,1,1,1,0
1409,1,other towns and places,Neutral,1,1,1,1,1,1,1,1,0
1410,1,other towns and places,Neutral,1,1,1,1,1,1,1,1,0
1411,1,london,Neutral,1,1,1,1,1,1,1,1,0
1412,0,london,Neutral,1,1,1,1,1,1,1,1,0
1413,1,northwest,Slightly Positive,1,1,1,1,1,1,1,1,0
1414,1,london,Slightly Negative,1,1,1,1,1,1,1,1,0
1415,1,yorkshire,Extremely Positive,1,1,1,1,1,1,1,1,0
1416,0,other towns and places,Slightly Negative,1,1,1,1,1,1,1,1,0
1417,1,southwest,Extremely Positive,1,1,1,1,1,1,1,1,0
1418,0,other towns and places,Neutral,1,1,1,1,1,1,1,1,0
1419,1,other towns and places,Slightly Positive,1,1,1,1,1,1,1,1,0
1420,0,southeast,Slightly Positive,1,1,1,1,1,1,1,1,0
1421,0,east midland,Neutral,1,1,1,1,1,1,1,1,0
1422,1,telford,Slightly Negative,1,1,1,1,1,1,1,1,0
1423,1,other towns and places,Neutral,1,1,1,1,1,1,1,1,0
1424,1,london,Slightly Negative,1,1,1,1,1,1,1,1,0
1425,0,southwest,Slightly Negative,1,1,1,1,1,1,1,1,0
1426,1,other towns and places,Neutral,1,1,1,1,1,1,1,1,0
1427,1,southwest,Slightly Positive,1,1,1,1,1,1,1,1,0
1428,0,southwest,Slightly Negative,1,1,1,1,1,1,1,1,0
1429,1,east midland,Neutral,1,1,1,1,1,1,1,1,0
1430,1,other towns and places,Slightly Negative,1,1,1,1,1,1,1,1,0
1431,1,other towns and places,Neutral,1,1,1,1,1,1,1,1,0
1432,1,other towns and places,Neutral,1,1,1,1,1,1,1,1,0
1433,0,london,Neutral,1,1,1,1,1,1,1,1,0
1434,1,other towns and places,Slightly Positive,1,1,1,1,1,1,1,1,0
1435,0,other towns and places,Slightly Negative,1,1,1,1,1,1,1,1,0
1436,1,other towns and places,Neutral,1,1,1,1,1,1,1,1,0
1437,0,other towns and places,Extremely Positive,1,1,1,1,1,1,1,1,0
1438,1,other towns and places,Slightly Negative,1,1,1,1,1,1,1,1,0
1439,1,london,Neutral,1,1,1,1,1,1,1,1,0
1440,1,scotland,Slightly Negative,1,1,1,1,1,1,1,1,0
1441,1,other towns and places,Slightly Negative,1,1,1,1,1,1,1,1,0
1442,1,other towns and places,Slightly Negative,1,1,1,1,1,1,1,1,0
1443,1,other towns and places,Neutral,1,1,1,1,1,1,1,1,0
1444,1,other towns and places,Extremely Negative,1,1,1,1,1,1,1,1,0
1445,1,other towns and places,Neutral,1,1,1,1,1,1,1,1,0
1446,1,other towns and places,Neutral,1,1,1,1,1,1,1,1,0
1447,0,east midland,Neutral,1,1,1,1,1,1,1,1,0
1448,1,east midland,Slightly Positive,1,1,1,1,1,1,1,1,0
1449,1,london,Extremely Negative,1,1,1,1,1,1,1,1,0
1450,1,other towns and places,Neutral,1,1,1,1,1,1,1,1,0
1451,1,yorkshire,Neutral,1,1,1,1,1,1,1,1,0
1452,1,scotland,Neutral,1,1,1,1,1,1,1,1,0
1453,1,other towns and places,Slightly Positive,1,1,1,1,1,1,1,1,0
1454,1,other towns and places,Neutral,1,1,1,1,1,1,1,1,0
1455,1,other towns and places,Neutral,1,1,1,1,1,1,1,1,0
1456,0,southeast,Slightly Negative,1,1,1,1,1,1,1,1,0
1457,1,other towns and places,Neutral,1,1,1,1,1,1,1,1,0
1458,1,southwest,Neutral,1,1,1,1,1,1,1,1,0
1459,1,other towns and places,Neutral,1,1,1,1,1,1,1,1,0
1460,0,east midland,Extremely Positive,1,1,1,1,1,1,1,1,0
1461,1,other towns and places,Slightly Negative,1,1,1,1,1,1,1,1,0
1462,0,london,Slightly Positive,1,1,1,1,1,1,1,1,0
1463,1,other towns and places,Neutral,1,1,1,1,1,1,1,1,0
1464,1,other towns and places,Neutral,1,1,1,1,1,1,1,1,0
1465,1,other towns and places,Neutral,1,1,1,1,1,1,1,1,0
1466,1,northeast,Slightly Positive,1,1,1,1,1,1,1,1,0
1467,1,other towns and places,Neutral,1,1,1,1,1,1,1,1,0
1468,1,other towns and places,Slightly Positive,1,1,1,1,1,1,1,1,0
1469,1,southwest,Slightly Negative,1,1,1,1,1,1,1,1,0
1470,1,wales,Neutral,1,1,1,1,1,1,1,1,0
1471,0,southwest,Slightly Negative,1,1,1,1,1,1,1,1,0
1472,1,other towns and places,Neutral,1,1,1,1,1,1,1,1,0
1473,0,other towns and places,Neutral,1,1,1,1,1,1,1,1,0
1474,1,wales,Slightly Positive,1,1,1,1,1,1,1,1,0
1475,1,other towns and places,Slightly Positive,1,1,1,1,1,1,1,1,0
1476,1,other towns and places,Extremely Positive,1,1,1,1,1,1,1,1,0
1477,1,northwest,Slightly Positive,1,1,1,1,1,1,1,1,0
1478,1,london,Neutral,1,1,1,1,1,1,1,1,0
1479,1,other towns and places,Slightly Negative,1,1,1,1,1,1,1,1,0
1480,1,nottingham,Neutral,1,1,1,1,1,1,1,1,0
1481,1,other towns and places,Slightly Positive,1,1,1,1,1,1,1,1,0
1482,1,other towns and places,Neutral,1,1,1,1,1,1,1,1,0
1483,1,scotland,Slightly Negative,1,1,1,1,1,1,1,1,0
1484,1,other towns and places,Neutral,1,1,1,1,1,1,1,1,0
1485,1,southwest,Extremely Negative,1,1,1,1,1,1,1,1,0
1486,1,london,Neutral,1,1,1,1,1,1,1,1,0
1487,1,london,Slightly Negative,1,1,1,1,1,1,1,1,0
1488,1,other towns and places,Slightly Negative,1,1,1,1,1,1,1,1,0
1489,0,northeast,Neutral,1,1,1,1,1,1,1,1,0
1490,0,other towns and places,Slightly Positive,1,1,1,1,1,1,1,1,0
1491,1,southeast,Slightly Negative,1,1,1,1,1,1,1,1,0
1492,1,yorkshire,Slightly Positive,1,1,1,1,1,1,1,1,0
1493,1,coventry,Neutral,1,1,1,1,1,1,1,1,0
1494,1,southeast,Neutral,1,1,1,1,1,1,1,1,0
1495,1,other towns and places,Neutral,1,1,1,1,1,1,1,1,0
1496,1,london,Slightly Negative,1,1,1,1,1,1,1,1,0
1497,1,other towns and places,Neutral,1,1,1,1,1,1,1,1,0
1498,0,other towns and places,Neutral,1,1,1,1,1,1,1,1,0
1499,1,scotland,Slightly Negative,1,1,1,1,1,1,1,1,0
1500,1,northwest,Neutral,1,1,1,1,1,1,1,1,0
1501,0,west midland,Neutral,1,1,1,1,1,1,1,1,0
1502,1,other towns and places,Neutral,1,1,1,1,1,1,1,1,0
1503,1,northwest,Extremely Negative,1,1,1,1,1,1,1,1,0
1504,1,other towns and places,Neutral,1,1,1,1,1,1,1,1,0
1505,1,other towns and places,Slightly Negative,1,1,1,1,1,1,1,1,0
1506,0,other towns and places,Neutral,1,1,1,1,1,1,1,1,0
1507,1,other towns and places,Neutral,1,1,1,1,1,1,1,1,0
1508,0,northern ireland,Slightly Negative,1,1,1,1,1,1,1,1,0
1509,0,other towns and places,Neutral,1,1,1,1,1,1,1,1,0
1510,1,other towns and places,Neutral,1,1,1,1,1,1,1,1,0
1511,1,other towns and places,Slightly Positive,1,1,1,1,1,1,1,1,0
1512,0,scotland,Neutral,1,1,1,1,1,1,1,1,0
1513,1,scotland,Neutral,1,1,1,1,1,1,1,1,0
1514,0,southeast,Slightly Negative,1,1,1,1,1,1,1,1,0
1515,1,other towns and places,Neutral,1,1,1,1,1,1,1,1,0
1516,0,southeast,Neutral,1,1,1,1,1,1,1,1,0
1517,0,northwest,Slightly Positive,1,1,1,1,1,1,1,1,0
1518,1,other towns and places,Extremely Positive,1,1,1,1,1,1,1,1,0
1519,1,northwest,Neutral,1,1,1,1,1,1,1,1,0
1520,1,southeast,Neutral,1,1,1,1,1,1,1,1,0
1521,1,other towns and places,Slightly Positive,1,1,1,1,1,1,1,1,0
1522,1,london,Slightly Negative,1,1,1,1,1,1,1,1,0
1523,1,other towns and places,Slightly Positive,1,1,1,1,1,1,1,1,0
1524,1,southwest,Neutral,1,1,1,1,1,1,1,1,0
1525,1,west midland,Extremely Negative,1,1,1,1,1,1,1,1,0
1526,1,london,Neutral,1,1,1,1,1,1,1,1,0
1527,1,other towns and places,Slightly Negative,1,1,1,1,1,1,1,1,0
1528,1,other towns and places,Neutral,1,1,1,1,1,1,1,1,0
1529,1,other towns and places,Neutral,1,1,1,1,1,1,1,1,0
1530,1,london,Slightly Negative,1,1,1,1,1,1,1,1,0
1531,1,other towns and places,Slightly Negative,1,1,1,1,1,1,1,1,0
1532,1,other towns and places,Neutral,1,1,1,1,1,1,1,1,0
1533,0,northwest,Slightly Positive,1,1,1,1,1,1,1,1,0
1534,1,london,Slightly Positive,1,1,1,1,1,1,1,1,0
1535,1,east midland,Slightly Positive,1,1,1,1,1,1,1,1,0
1536,1,northwest,Neutral,1,1,1,1,1,1,1,1,0
1537,1,scotland,Slightly Negative,1,1,1,1,1,1,1,1,0
1538,0,west midland,Neutral,1,1,1,1,1,1,1,1,0
1539,1,london,Slightly Negative,1,1,1,1,1,1,1,1,0
1540,1,nottingham,Extremely Positive,1,1,1,1,1,1,1,1,0
1541,1,other towns and places,Slightly Positive,1,1,1,1,1,1,1,1,0
1542,0,other towns and places,Neutral,1,1,1,1,1,1,1,1,0
1543,1,other towns and places,Slightly Negative,1,1,1,1,1,1,1,1,0
1544,1,other towns and places,Slightly Negative,1,1,1,1,1,1,1,1,0
1545,1,other towns and places,Slightly Positive,1,1,1,1,1,1,1,1,0
1546,1,other towns and places,Slightly Positive,1,1,1,1,1,1,1,1,0
1547,1,west midland,Slightly Negative,1,1,1,1,1,1,1,1,0
1548,0,scotland,Extremely Positive,1,1,1,1,1,1,1,1,0
1549,1,east midland,Slightly Negative,1,1,1,1,1,1,1,1,0
1550,1,other towns and places,Slightly Negative,1,1,1,1,1,1,1,1,0
1551,1,northern ireland,Neutral,1,1,1,1,1,1,1,1,0
1552,1,other towns and places,Slightly Positive,1,1,1,1,1,1,1,1,0
1553,1,yorkshire,Neutral,1,1,1,1,1,1,1,1,0
1554,0,other towns and places,Neutral,1,1,1,1,1,1,1,1,0
1555,0,other towns and places,Neutral,1,1,1,1,1,1,1,1,0
1556,1,southwest,Neutral,1,1,1,1,1,1,1,1,0
1557,1,southwest,Slightly Positive,1,1,1,1,1,1,1,1,0
1558,1,other towns and places,Neutral,1,1,1,1,1,1,1,1,0
1559,1,northern ireland,Slightly Positive,1,1,1,1,1,1,1,1,0
1560,1,other towns and places,Slightly Positive,1,1,1,1,1,1,1,1,0
1561,1,london,Slightly Positive,1,1,1,1,1,1,1,1,0
1562,1,east midland,Slightly Positive,1,1,1,1,1,1,1,1,0
1563,1,northwest,Slightly Positive,1,1,1,1,1,1,1,1,0
1564,1,other towns and places,Slightly Negative,1,1,1,1,1,1,1,1,0
1565,1,other towns and places,Neutral,1,1,1,1,1,1,1,1,0
1566,1,southeast,Neutral,1,1,1,1,1,1,1,1,0
1567,0,other towns and places,Slightly Positive,1,1,1,1,1,1,1,1,0
1568,1,northampton,Slightly Positive,1,1,1,1,1,1,1,1,0
1569,1,yorkshire,Neutral,1,1,1,1,1,1,1,1,0
1570,1,other towns and places,Neutral,1,1,1,1,1,1,1,1,0
1571,1,wales,Slightly Negative,1,1,1,1,1,1,1,1,0
1572,0,other towns and places,Extremely Positive,1,1,1,1,1,1,1,1,0
1573,1,southwest,Slightly Negative,1,1,1,1,1,1,1,1,0
1574,1,northern ireland,Extremely Positive,1,1,1,1,1,1,1,1,0
1575,1,other towns and places,Slightly Positive,1,1,1,1,1,1,1,1,0
1576,1,other towns and places,Slightly Positive,1,1,1,1,1,1,1,1,0
1577,1,london,Slightly Negative,1,1,1,1,1,1,1,1,0
1578,1,wales,Slightly Positive,1,1,1,1,1,1,1,1,0
1579,1,scotland,Neutral,1,1,1,1,1,1,1,1,0
1580,1,other towns and places,Extremely Positive,1,1,1,1,1,1,1,1,0
1581,1,other towns and places,Slightly Negative,1,1,1,1,1,1,1,1,0
1582,0,other towns and places,Neutral,1,1,1,1,1,1,1,1,0
1583,1,london,Slightly Negative,1,1,1,1,1,1,1,1,0
1584,0,other towns and places,Slightly Positive,1,1,1,1,1,1,1,1,0
1585,1,southwest,Slightly Negative,1,1,1,1,1,1,1,1,0
1586,1,yorkshire,Slightly Negative,1,1,1,1,1,1,1,1,0
1587,1,london,Slightly Negative,1,1,1,1,1,1,1,1,0
1588,1,other towns and places,Neutral,1,1,1,1,1,1,1,1,0
1589,1,other towns and places,Neutral,1,1,1,1,1,1,1,1,0
1590,1,northwest,Neutral,1,1,1,1,1,1,1,1,0
1591,1,london,Extremely Positive,1,1,1,1,1,1,1,1,0
1592,1,other towns and places,Slightly Positive,1,1,1,1,1,1,1,1,0
1593,1,other towns and places,Neutral,1,1,1,1,1,1,1,1,0
1594,1,other towns and places,Neutral,1,1,1,1,1,1,1,1,0
1595,1,west midland,Extremely Positive,1,1,1,1,1,1,1,1,0
1596,1,other towns and places,Extremely Negative,1,1,1,1,1,1,1,1,0
1597,1,southwest,Neutral,1,1,1,1,1,1,1,1,0
1598,1,east midland,Slightly Negative,1,1,1,1,1,1,1,1,0
1599,1,other towns and places,Slightly Positive,1,1,1,1,1,1,1,1,0
1600,1,other towns and places,Slightly Positive,1,1,1,1,1,1,1,1,0
1601,1,london,Neutral,1,1,1,1,1,1,1,1,0
1602,1,other towns and places,Neutral,1,1,1,1,1,1,1,1,0
1603,1,west midland,Neutral,1,1,1,1,1,1,1,1,0
1604,0,other towns and places,Slightly Negative,1,1,1,1,1,1,1,1,0
1605,0,scotland,Neutral,1,1,1,1,1,1,1,1,0
1606,1,london,Slightly Positive,1,1,1,1,1,1,1,1,0
1607,1,other towns and places,Neutral,1,1,1,1,1,1,1,1,0
1608,1,southeast,Neutral,1,1,1,1,1,1,1,1,0
1609,1,other towns and places,Slightly Positive,1,1,1,1,1,1,1,1,0
1610,1,peterborough,Neutral,1,1,1,1,1,1,1,1,0
1611,0,other towns and places,Slightly Negative,1,1,1,1,1,1,1,1,0
1612,1,other towns and places,Neutral,1,1,1,1,1,1,1,1,0
1613,1,other towns and places,Neutral,1,1,1,1,1,1,1,1,0
1614,1,northeast,Extremely Positive,1,1,1,1,1,1,1,1,0
1615,0,west midland,Neutral,1,1,1,1,1,1,1,1,0
1616,1,scotland,Slightly Negative,1,1,1,1,1,1,1,1,0
1617,1,other towns and places,Slightly Positive,1,1,1,1,1,1,1,1,0
1618,1,other towns and places,Slightly Negative,1,1,1,1,1,1,1,1,0
1619,1,other towns and places,Slightly Negative,1,1,1,1,1,1,1,1,0
1620,0,southeast,Slightly Positive,1,1,1,1,1,1,1,1,0
1621,1,west midland,Slightly Negative,1,1,1,1,1,1,1,1,0
1622,0,london,Slightly Negative,1,1,1,1,1,1,1,1,0
1623,1,southwest,Neutral,1,1,1,1,1,1,1,1,0
1624,1,northwest,Slightly Negative,1,1,1,1,1,1,1,1,0
1625,1,southwest,Slightly Negative,1,1,1,1,1,1,1,1,0
1626,1,london,Neutral,1,1,1,1,1,1,1,1,0
1627,1,other towns and places,Slightly Negative,1,1,1,1,1,1,1,1,0
1628,1,other towns and places,Extremely Positive,1,1,1,1,1,1,1,1,0
1629,1,other towns and places,Extremely Positive,1,1,1,1,1,1,1,1,0
1630,0,other towns and places,Neutral,1,1,1,1,1,1,1,1,0
1631,1,other towns and places,Neutral,1,1,1,1,1,1,1,1,0
1632,1,other towns and places,Neutral,1,1,1,1,1,1,1,1,0
1633,1,yorkshire,Neutral,1,1,1,1,1,1,1,1,0
1634,1,other towns and places,Neutral,1,1,1,1,1,1,1,1,0
1635,0,other towns and places,Extremely Positive,1,1,1,1,1,1,1,1,0
1636,0,wolverhampton,Neutral,1,1,1,1,1,1,1,1,0
1637,1,yorkshire,Slightly Positive,1,1,1,1,1,1,1,1,0
1638,1,other towns and places,Neutral,1,1,1,1,1,1,1,1,0
1639,0,east midland,Slightly Positive,1,1,1,1,1,1,1,1,0
1640,1,other towns and places,Slightly Negative,1,1,1,1,1,1,1,1,0
1641,1,london,Neutral,1,1,1,1,1,1,1,1,0
1642,1,northeast,Slightly Negative,1,1,1,1,1,1,1,1,0
1643,1,other towns and places,Neutral,1,1,1,1,1,1,1,1,0
1644,1,derby,Slightly Positive,1,1,1,1,1,1,1,1,0
1645,1,other towns and places,Neutral,1,1,1,1,1,1,1,1,0
1646,1,other towns and places,Neutral,1,1,1,1,1,1,1,1,0
1647,1,other towns and places,Extremely Positive,1,1,1,1,1,1,1,1,0
1648,1,other towns and places,Extremely Positive,1,1,1,1,1,1,1,1,0
1649,1,southampton,Slightly Negative,1,1,1,1,1,1,1,1,0
1650,1,southwest,Neutral,1,1,1,1,1,1,1,1,0
1651,1,scotland,Neutral,1,1,1,1,1,1,1,1,0
1652,0,other towns and places,Slightly Positive,1,1,1,1,1,1,1,1,0
1653,1,other towns and places,Slightly Negative,1,1,1,1,1,1,1,1,0
1654,1,northeast,Neutral,1,1,1,1,1,1,1,1,0
1655,1,yorkshire,Neutral,1,1,1,1,1,1,1,1,0
1656,1,east midland,Neutral,1,1,1,1,1,1,1,1,0
1657,1,scotland,Neutral,1,1,1,1,1,1,1,1,0
1658,1,warrington,Slightly Negative,1,1,1,1,1,1,1,1,0
1659,1,scotland,Neutral,1,1,1,1,1,1,1,1,0
1660,1,other towns and places,Slightly Positive,1,1,1,1,1,1,1,1,0
1661,1,yorkshire,Slightly Positive,1,1,1,1,1,1,1,1,0
1662,1,east midland,Neutral,1,1,1,1,1,1,1,1,0
1663,0,other towns and places,Slightly Negative,1,1,1,1,1,1,1,1,0
1664,1,london,Neutral,1,1,1,1,1,1,1,1,0
1665,0,yorkshire,Slightly Positive,1,1,1,1,1,1,1,1,0
1666,1,northwest,Slightly Negative,1,1,1,1,1,1,1,1,0
1667,1,northeast,Slightly Negative,1,1,1,1,1,1,1,1,0
1668,0,northwest,Slightly Negative,1,1,1,1,1,1,1,1,0
1669,0,yorkshire,Slightly Negative,1,1,1,1,1,1,1,1,0
1670,1,other towns and places,Slightly Negative,1,1,1,1,1,1,1,1,0
1671,1,london,Neutral,1,1,1,1,1,1,1,1,0
1672,1,west midland,Neutral,1,1,1,1,1,1,1,1,0
1673,1,yorkshire,Slightly Positive,1,1,1,1,1,1,1,1,0
1674,0,london,Slightly Positive,1,1,1,1,1,1,1,1,0
1675,1,southeast,Neutral,1,1,1,1,1,1,1,1,0
1676,0,other towns and places,Slightly Negative,1,1,1,1,1,1,1,1,0
1677,1,other towns and places,Neutral,1,1,1,1,1,1,1,1,0
1678,1,yorkshire,Extremely Positive,1,1,1,1,1,1,1,1,0
1679,0,northwest,Extremely Positive,1,1,1,1,1,1,1,1,0
1680,1,southeast,Neutral,1,1,1,1,1,1,1,1,0
1681,0,london,Neutral,1,1,1,1,1,1,1,1,0
1682,0,other towns and places,Neutral,1,1,1,1,1,1,1,1,0
1683,1,other towns and places,Neutral,1,1,1,1,1,1,1,1,0
1684,1,other towns and places,Slightly Positive,1,1,1,1,1,1,1,1,0
1685,1,yorkshire,Extremely Positive,1,1,1,1,1,1,1,1,0
1686,1,other towns and places,Neutral,1,1,1,1,1,1,1,1,0
1687,1,oxford,Neutral,1,1,1,1,1,1,1,1,0
1688,0,west midland,Slightly Negative,1,1,1,1,1,1,1,1,0
1689,1,scotland,Slightly Negative,1,1,1,1,1,1,1,1,0
1690,1,northwest,Slightly Negative,1,1,1,1,1,1,1,1,0
1691,1,southeast,Extremely Positive,1,1,1,1,1,1,1,1,0
1692,1,other towns and places,Slightly Negative,1,1,1,1,1,1,1,1,0
1693,1,northwest,Slightly Positive,1,1,1,1,1,1,1,1,0
1694,1,northeast,Neutral,1,1,1,1,1,1,1,1,0
1695,1,other towns and places,Slightly Positive,1,1,1,1,1,1,1,1,0
1696,1,other towns and places,Slightly Positive,1,1,1,1,1,1,1,1,0
1697,0,other towns and places,Slightly Negative,1,1,1,1,1,1,1,1,0
1698,1,other towns and places,Neutral,1,1,1,1,1,1,1,1,0
1699,1,bournemouth,Slightly Positive,1,1,1,1,1,1,1,1,0
1700,1,northwest,Extremely Positive,1,1,1,1,1,1,1,1,0
1701,1,wales,Slightly Positive,1,1,1,1,1,1,1,1,0
1702,1,yorkshire,Slightly Positive,1,1,1,1,1,1,1,1,0
1703,0,other towns and places,Slightly Negative,1,1,1,1,1,1,1,1,0
1704,0,other towns and places,Neutral,1,1,1,1,1,1,1,1,0
1705,1,other towns and places,Slightly Negative,1,1,1,1,1,1,1,1,0
1706,1,other towns and places,Slightly Negative,1,1,1,1,1,1,1,1,0
1707,1,west midland,Extremely Positive,1,1,1,1,1,1,1,1,0
1708,1,london,Neutral,1,1,1,1,1,1,1,1,0
1709,1,southeast,Slightly Positive,1,1,1,1,1,1,1,1,0
1710,1,northeast,Slightly Negative,1,1,1,1,1,1,1,1,0
1711,1,other towns and places,Neutral,1,1,1,1,1,1,1,1,0
1712,1,other towns and places,Neutral,1,1,1,1,1,1,1,1,0
1713,0,other towns and places,Slightly Positive,1,1,1,1,1,1,1,1,0
1714,1,other towns and places,Neutral,1,1,1,1,1,1,1,1,0
1715,1,wales,Slightly Negative,1,1,1,1,1,1,1,1,0
1716,1,other towns and places,Neutral,1,1,1,1,1,1,1,1,0
1717,0,other towns and places,Slightly Positive,1,1,1,1,1,1,1,1,0
1718,1,other towns and places,Slightly Positive,1,1,1,1,1,1,1,1,0
1719,0,northwest,Slightly Negative,1,1,1,1,1,1,1,1,0
1720,1,london,Neutral,1,1,1,1,1,1,1,1,0
1721,1,other towns and places,Neutral,1,1,1,1,1,1,1,1,0
1722,1,east midland,Slightly Negative,1,1,1,1,1,1,1,1,0
1723,1,other towns and places,Slightly Positive,1,1,1,1,1,1,1,1,0
1724,1,other towns and places,Slightly Positive,1,1,1,1,1,1,1,1,0
1725,1,wales,Neutral,1,1,1,1,1,1,1,1,0
1726,0,east midland,Slightly Negative,1,1,1,1,1,1,1,1,0
1727,1,other towns and places,Neutral,1,1,1,1,1,1,1,1,0
1728,1,yorkshire,Neutral,1,1,1,1,1,1,1,1,0
1729,0,other towns and places,Slightly Negative,1,1,1,1,1,1,1,1,0
1730,1,east midland,Slightly Positive,1,1,1,1,1,1,1,1,0
1731,1,yorkshire,Extremely Positive,1,1,1,1,1,1,1,1,0
1732,1,other towns and places,Neutral,1,1,1,1,1,1,1,1,0
1733,1,east midland,Slightly Positive,1,1,1,1,1,1,1,1,0
1734,1,northern ireland,Slightly Negative,1,1,1,1,1,1,1,1,0
1735,1,northwest,Slightly Positive,1,1,1,1,1,1,1,1,0
